"id","technicianId","inspectedAt","createdAt","deviceId","gateId","taskId","inspectionStatus","deviceCode","deviceName","serialNumber","ipAddress","gateCluster","gateBuilding","gateZone","gateDirection","issueReason","notes"
"4463","51","""2026-07-27T08:52:15.264Z""","""2026-07-27T08:52:15.264Z""","1494","","","OK","1369","Morpho md","2223smp000896","10.254.193.77","","","","","","نوع الجهاز: Morpho md
حالة الجهاز في البداية: سليم
حالة الجهاز بعد الفحص: سليم
الحالة النهائية: good
Final Device Condition: OK"
"4464","51","""2026-07-27T08:52:40.345Z""","""2026-07-27T08:52:40.345Z""","1495","","","OK","1370","Morpho md","2223smp0000445","10.254.193.76","","","","","","نوع الجهاز: Morpho md
حالة الجهاز في البداية: سليم
حالة الجهاز بعد الفحص: سليم
الحالة النهائية: good
Final Device Condition: OK"
"4465","51","""2026-07-27T08:52:58.145Z""","""2026-07-27T08:52:58.145Z""","1496","","","OK","1371","Morpho md","2234smp0001154","10.254.193.75","","","","","","نوع الجهاز: Morpho md
حالة الجهاز في البداية: سليم
حالة الجهاز بعد الفحص: سليم
الحالة النهائية: good
Final Device Condition: OK"
"4466","51","""2026-07-27T08:53:16.957Z""","""2026-07-27T08:53:16.957Z""","1497","","","OK","1372","Morpho md","2234smp0002210","10.254.193.74","","","","","","نوع الجهاز: Morpho md
حالة الجهاز في البداية: سليم
حالة الجهاز بعد الفحص: سليم
الحالة النهائية: good
Final Device Condition: OK"
"4467","51","""2026-07-27T08:53:34.055Z""","""2026-07-27T08:53:34.055Z""","1498","","","OK","1373","Morpho md","2234smp0001697","10.254.193.73","","","","","","نوع الجهاز: Morpho md
حالة الجهاز في البداية: سليم
حالة الجهاز بعد الفحص: سليم
الحالة النهائية: good
Final Device Condition: OK"
"4468","51","""2026-07-27T08:53:51.242Z""","""2026-07-27T08:53:51.242Z""","1499","","","OK","1374","Morpho md","2237smp0000309","10.254.193.72","","","","","","نوع الجهاز: Morpho md
حالة الجهاز في البداية: سليم
حالة الجهاز بعد الفحص: سليم
الحالة النهائية: good
Final Device Condition: OK"
"4469","51","""2026-07-27T08:54:11.845Z""","""2026-07-27T08:54:11.845Z""","1500","","","OK","1375","Morpho md","2234smp0001499","10.254.193.71","","","","","","نوع الجهاز: Morpho md
حالة الجهاز في البداية: سليم
حالة الجهاز بعد الفحص: سليم
الحالة النهائية: good
Final Device Condition: OK"
"4470","51","""2026-07-27T08:54:40.672Z""","""2026-07-27T08:54:40.672Z""","616","","","OK","478","Morpho md","2223SMP0000834","10.254.198.70","","","","","","نوع الجهاز: Morpho md
حالة الجهاز في البداية: سليم
حالة الجهاز بعد الفحص: سليم
الحالة النهائية: good
Final Device Condition: OK"
"4471","51","""2026-07-27T08:55:12.450Z""","""2026-07-27T08:55:12.450Z""","615","","","OK","477","Morpho md","2223SMP0000636","10.254.198.69","","","","","","نوع الجهاز: Morpho md
حالة الجهاز في البداية: سليم
حالة الجهاز بعد الفحص: سليم
الحالة النهائية: good
Final Device Condition: OK"
"4472","51","""2026-07-27T08:55:28.759Z""","""2026-07-27T08:55:28.759Z""","614","","","OK","476","Morpho md","2223SMP0000629","10.254.198.68","","","","","","نوع الجهاز: Morpho md
حالة الجهاز في البداية: سليم
حالة الجهاز بعد الفحص: سليم
الحالة النهائية: good
Final Device Condition: OK"
"4473","51","""2026-07-27T08:55:44.552Z""","""2026-07-27T08:55:44.552Z""","613","","","OK","475","Morpho md","2223SMP0000339","10.254.198.67","","","","","","نوع الجهاز: Morpho md
حالة الجهاز في البداية: سليم
حالة الجهاز بعد الفحص: سليم
الحالة النهائية: good
Final Device Condition: OK"
"4474","51","""2026-07-27T08:56:04.444Z""","""2026-07-27T08:56:04.444Z""","612","","","OK","474","Morpho md","2142SMP0000146","10.254.198.66","","","","","","نوع الجهاز: Morpho md
حالة الجهاز في البداية: سليم
حالة الجهاز بعد الفحص: سليم
الحالة النهائية: good
Final Device Condition: OK"
"4475","51","""2026-07-27T08:56:24.408Z""","""2026-07-27T08:56:24.408Z""","611","","","OK","473","Morpho md","2234SMP0002418","10.254.198.65","","","","","","نوع الجهاز: Morpho md
حالة الجهاز في البداية: سليم
حالة الجهاز بعد الفحص: سليم
الحالة النهائية: good
Final Device Condition: OK"
"4476","51","""2026-07-27T08:56:52.907Z""","""2026-07-27T08:56:52.907Z""","610","","","OK","472","Morpho md","2234SMP0002944","10.254.198.64","","","","","","نوع الجهاز: Morpho md
حالة الجهاز في البداية: سليم
حالة الجهاز بعد الفحص: سليم
الحالة النهائية: good
Final Device Condition: OK"
"4477","51","""2026-07-27T08:57:52.619Z""","""2026-07-27T08:57:52.619Z""","617","","","OK","479","Morpho md","2142SMP0002429","10.254.198.22","","","","","","نوع الجهاز: Morpho md
حالة الجهاز في البداية: سليم
حالة الجهاز بعد الفحص: سليم
الحالة النهائية: good
Final Device Condition: OK"
"4478","51","""2026-07-27T08:58:11.288Z""","""2026-07-27T08:58:11.288Z""","618","","","OK","480","Morpho md","2143SMP0001584","10.254.198.23","","","","","","نوع الجهاز: Morpho md
حالة الجهاز في البداية: سليم
حالة الجهاز بعد الفحص: سليم
الحالة النهائية: good
Final Device Condition: OK"
"4479","51","""2026-07-27T08:58:26.815Z""","""2026-07-27T08:58:26.815Z""","619","","","OK","481","Morpho md","2142SMP0002344","10.254.198.24","","","","","","نوع الجهاز: Morpho md
حالة الجهاز في البداية: سليم
حالة الجهاز بعد الفحص: سليم
الحالة النهائية: good
Final Device Condition: OK"
"4480","51","""2026-07-27T08:58:47.948Z""","""2026-07-27T08:58:47.948Z""","620","","","OK","482","Morpho md","2223SMP0001006","10.254.198.25","","","","","","نوع الجهاز: Morpho md
حالة الجهاز في البداية: سليم
حالة الجهاز بعد الفحص: سليم
الحالة النهائية: good
Final Device Condition: OK"
"4481","51","""2026-07-27T08:59:07.634Z""","""2026-07-27T08:59:07.634Z""","621","","","OK","483","Morpho md","2143SMP0000015","10.254.198.26","","","","","","نوع الجهاز: Morpho md
حالة الجهاز في البداية: سليم
حالة الجهاز بعد الفحص: سليم
الحالة النهائية: good
Final Device Condition: OK"
"4482","51","""2026-07-27T08:59:27.238Z""","""2026-07-27T08:59:27.238Z""","622","","","OK","484","Morpho md","2143SMP0000213","10.254.198.27","","","","","","نوع الجهاز: Morpho md
حالة الجهاز في البداية: سليم
حالة الجهاز بعد الفحص: سليم
الحالة النهائية: good
Final Device Condition: OK"
"4483","51","""2026-07-27T08:59:44.878Z""","""2026-07-27T08:59:44.878Z""","623","","","OK","485","Morpho md","2143SMP0001737","10.254.198.28","","","","","","نوع الجهاز: Morpho md
حالة الجهاز في البداية: سليم
حالة الجهاز بعد الفحص: سليم
الحالة النهائية: good
Final Device Condition: OK"
"4484","51","""2026-07-27T09:00:05.405Z""","""2026-07-27T09:00:05.405Z""","624","","","OK","486","Morpho md","2234SMP0000999","10.254.198.29","","","","","","نوع الجهاز: Morpho md
حالة الجهاز في البداية: سليم
حالة الجهاز بعد الفحص: سليم
الحالة النهائية: good
Final Device Condition: OK"
"4485","51","""2026-07-27T09:01:20.350Z""","""2026-07-27T09:01:20.350Z""","1501","","","OK","1376","Morpho md","2143smp0000039","10.254.193.37","","","","","","نوع الجهاز: Morpho md
حالة الجهاز في البداية: سليم
حالة الجهاز بعد الفحص: سليم
الحالة النهائية: good
Final Device Condition: OK"
"4486","51","""2026-07-27T09:01:48.047Z""","""2026-07-27T09:01:48.047Z""","1502","","","OK","1377","Morpho md","2142smp0000412","10.254.193.36","","","","","","نوع الجهاز: Morpho md
حالة الجهاز في البداية: سليم
حالة الجهاز بعد الفحص: سليم
الحالة النهائية: good
Final Device Condition: OK"
"4487","51","""2026-07-27T09:02:05.194Z""","""2026-07-27T09:02:05.194Z""","1503","","","OK","1378","Morpho md","2142smp0001738","10.254.193.35","","","","","","نوع الجهاز: Morpho md
حالة الجهاز في البداية: سليم
حالة الجهاز بعد الفحص: سليم
الحالة النهائية: good
Final Device Condition: OK"
"4488","51","""2026-07-27T09:02:21.333Z""","""2026-07-27T09:02:21.333Z""","1504","","","OK","1379","Morpho md","2143smp0000480","10.254.193.34","","","","","","نوع الجهاز: Morpho md
حالة الجهاز في البداية: سليم
حالة الجهاز بعد الفحص: سليم
الحالة النهائية: good
Final Device Condition: OK"
"4489","51","""2026-07-27T09:02:43.597Z""","""2026-07-27T09:02:43.597Z""","1505","","","OK","1380","Morpho md","2142smp0002719","10.254.193.33","","","","","","نوع الجهاز: Morpho md
حالة الجهاز في البداية: سليم
حالة الجهاز بعد الفحص: سليم
الحالة النهائية: good
Final Device Condition: OK"
"4490","51","""2026-07-27T09:03:04.354Z""","""2026-07-27T09:03:04.354Z""","1506","","","OK","1381","Morpho md","2143smp0000220","10.254.193.32","","","","","","نوع الجهاز: Morpho md
حالة الجهاز في البداية: سليم
حالة الجهاز بعد الفحص: سليم
الحالة النهائية: good
Final Device Condition: OK"
"4491","51","""2026-07-27T09:03:20.664Z""","""2026-07-27T09:03:20.664Z""","1","","","OK","WW","Argus 60","SN123","","cluster 3A/4A","البرلمان","zone 7 right","IN","","نوع الجهاز: Access Control
حالة الجهاز في البداية: سليم
حالة الجهاز بعد الفحص: سليم
الحالة النهائية: good
Final Device Condition: OK"
"4492","51","""2026-07-27T09:03:37.429Z""","""2026-07-27T09:03:37.429Z""","1507","","","OK","1383","Morpho md","2143smp0001652","10.254.193.30","","","","","","نوع الجهاز: Morpho md
حالة الجهاز في البداية: سليم
حالة الجهاز بعد الفحص: سليم
الحالة النهائية: good
Final Device Condition: OK"
"4493","51","""2026-07-27T09:14:15.419Z""","""2026-07-27T09:14:15.419Z""","1471","","","OK","1346","Morpho md","2142smp0001554","10.254.193.58","","","","","","نوع الجهاز: Morpho md
حالة الجهاز في البداية: سليم
حالة الجهاز بعد الفحص: سليم
الحالة النهائية: good
Final Device Condition: OK"
"4494","51","""2026-07-27T09:23:43.678Z""","""2026-07-27T09:23:43.678Z""","1479","","","OK","1354","Morpho md","2142smp0001110","10.254.193.101","","","","","","نوع الجهاز: Morpho md
حالة الجهاز في البداية: سليم
حالة الجهاز بعد الفحص: سليم
الحالة النهائية: good
Final Device Condition: OK"
"4495","51","""2026-07-27T09:24:02.709Z""","""2026-07-27T09:24:02.709Z""","1480","","","OK","1355","Morpho md","2124smp0001040","10.254.193.102","","","","","","نوع الجهاز: Morpho md
حالة الجهاز في البداية: سليم
حالة الجهاز بعد الفحص: سليم
الحالة النهائية: good
Final Device Condition: OK"
"4496","51","""2026-07-27T09:24:20.058Z""","""2026-07-27T09:24:20.058Z""","1481","","","OK","1356","Morpho md","2143smp0686","10.254.193.103","","","","","","نوع الجهاز: Morpho md
حالة الجهاز في البداية: سليم
حالة الجهاز بعد الفحص: سليم
الحالة النهائية: good
Final Device Condition: OK"
"4497","51","""2026-07-27T09:24:34.732Z""","""2026-07-27T09:24:34.732Z""","1482","","","OK","1357","Morpho md","2125smp0001087","10.254.193.104","","","","","","نوع الجهاز: Morpho md
حالة الجهاز في البداية: سليم
حالة الجهاز بعد الفحص: سليم
الحالة النهائية: good
Final Device Condition: OK"
"4498","51","""2026-07-27T09:24:52.788Z""","""2026-07-27T09:24:52.788Z""","1483","","","OK","1358","Morpho md","2125smp00000434","10.254.193.105","","","","","","نوع الجهاز: Morpho md
حالة الجهاز في البداية: سليم
حالة الجهاز بعد الفحص: سليم
الحالة النهائية: good
Final Device Condition: OK"
"4499","51","""2026-07-27T09:25:08.022Z""","""2026-07-27T09:25:08.022Z""","1484","","","OK","1359","Morpho md","2124smp0000434","10.254.193.106","","","","","","نوع الجهاز: Morpho md
حالة الجهاز في البداية: سليم
حالة الجهاز بعد الفحص: سليم
الحالة النهائية: good
Final Device Condition: OK"
"4500","51","""2026-07-27T09:25:24.889Z""","""2026-07-27T09:25:24.889Z""","1485","","","OK","1360","Morpho md","2142smp0002669","10.254.193.107","","","","","","نوع الجهاز: Morpho md
حالة الجهاز في البداية: سليم
حالة الجهاز بعد الفحص: سليم
الحالة النهائية: good
Final Device Condition: OK"
"4501","51","""2026-07-27T09:26:56.822Z""","""2026-07-27T09:26:56.822Z""","1486","","","OK","1361","Morpho md","2143smp0000404","10.254.193.108","","","","","","نوع الجهاز: Morpho md
حالة الجهاز في البداية: سليم
حالة الجهاز بعد الفحص: سليم
الحالة النهائية: good
Final Device Condition: OK"
"4502","51","""2026-07-27T09:27:59.678Z""","""2026-07-27T09:27:59.678Z""","602","","","OK","464","Morpho md","2142SMP0000672","10.254.198.100","","","","","","نوع الجهاز: Morpho md
حالة الجهاز في البداية: سليم
حالة الجهاز بعد الفحص: سليم
الحالة النهائية: good
Final Device Condition: OK"
"4503","51","""2026-07-27T09:28:18.855Z""","""2026-07-27T09:28:18.855Z""","601","","","OK","463","Morpho md","2125SMP0002303","10.254.198.99","","","","","","نوع الجهاز: Morpho md
حالة الجهاز في البداية: سليم
حالة الجهاز بعد الفحص: سليم
الحالة النهائية: good
Final Device Condition: OK"
"4504","51","""2026-07-27T09:28:33.879Z""","""2026-07-27T09:28:33.879Z""","600","","","OK","462","Morpho md","2142SMP0001141","10.254.198.98","","","","","","نوع الجهاز: Morpho md
حالة الجهاز في البداية: سليم
حالة الجهاز بعد الفحص: سليم
الحالة النهائية: good
Final Device Condition: OK"
"4505","51","""2026-07-27T09:28:48.304Z""","""2026-07-27T09:28:48.304Z""","599","","","OK","461","Morpho md","2142SMP0000870","10.254.198.97","","","","","","نوع الجهاز: Morpho md
حالة الجهاز في البداية: سليم
حالة الجهاز بعد الفحص: سليم
الحالة النهائية: good
Final Device Condition: OK"
"4506","51","""2026-07-27T09:29:09.684Z""","""2026-07-27T09:29:09.684Z""","598","","","OK","460","Morpho md","2125SMP0001131","10.254.198.96","","","","","","نوع الجهاز: Morpho md
حالة الجهاز في البداية: سليم
حالة الجهاز بعد الفحص: سليم
الحالة النهائية: good
Final Device Condition: OK"
"4507","51","""2026-07-27T09:29:30.800Z""","""2026-07-27T09:29:30.800Z""","597","","","OK","459","Morpho md","2125SMP0001520","10.254.198.95","","","","","","نوع الجهاز: Morpho md
حالة الجهاز في البداية: سليم
حالة الجهاز بعد الفحص: سليم
الحالة النهائية: good
Final Device Condition: OK"
"4508","51","""2026-07-27T09:29:54.395Z""","""2026-07-27T09:29:54.395Z""","596","","","OK","458","Morpho md","2125SMP0001698","10.254.198.94","","","","","","نوع الجهاز: Morpho md
حالة الجهاز في البداية: سليم
حالة الجهاز بعد الفحص: سليم
الحالة النهائية: good
Final Device Condition: OK"
"4509","51","""2026-07-27T09:30:12.441Z""","""2026-07-27T09:30:12.441Z""","595","","","OK","457","Morpho md","2142SMP0002757","10.254.198.93","","","","","","نوع الجهاز: Morpho md
حالة الجهاز في البداية: سليم
حالة الجهاز بعد الفحص: سليم
الحالة النهائية: good
Final Device Condition: OK"
"4510","51","""2026-07-27T09:32:18.068Z""","""2026-07-27T09:32:18.068Z""","1488","","","OK","1363","Morpho md","2234smp0001277","10.254.193.118","","","","","","نوع الجهاز: Morpho md
حالة الجهاز في البداية: سليم
حالة الجهاز بعد الفحص: سليم
الحالة النهائية: good
Final Device Condition: OK"
"4511","51","""2026-07-27T09:32:37.988Z""","""2026-07-27T09:32:37.988Z""","1489","","","OK","1364","Morpho md","2234smp0002029","10.254.193.119","","","","","","نوع الجهاز: Morpho md
حالة الجهاز في البداية: سليم
حالة الجهاز بعد الفحص: سليم
الحالة النهائية: good
Final Device Condition: OK"
"4512","51","""2026-07-27T09:32:56.625Z""","""2026-07-27T09:32:56.625Z""","1490","","","OK","1365","Morpho md","2237smp0001656","10.254.193.120","","","","","","نوع الجهاز: Morpho md
حالة الجهاز في البداية: سليم
حالة الجهاز بعد الفحص: سليم
الحالة النهائية: good
Final Device Condition: OK"
"4513","51","""2026-07-27T09:33:23.152Z""","""2026-07-27T09:33:23.152Z""","1491","","","OK","1366","Morpho md","2237smp0001502","10.254.193.121","","","","","","نوع الجهاز: Morpho md
حالة الجهاز في البداية: سليم
حالة الجهاز بعد الفحص: سليم
الحالة النهائية: good
Final Device Condition: OK"
"4514","51","""2026-07-27T09:33:38.095Z""","""2026-07-27T09:33:38.095Z""","1492","","","OK","1367","Morpho md","2223smp0000452","10.254.193.122","","","","","","نوع الجهاز: Morpho md
حالة الجهاز في البداية: سليم
حالة الجهاز بعد الفحص: سليم
الحالة النهائية: good
Final Device Condition: OK"
"4515","51","""2026-07-27T09:33:57.600Z""","""2026-07-27T09:33:57.600Z""","1493","","","OK","1368","Morpho md","2234smp0001840","10.254.193.123","","","","","","نوع الجهاز: Morpho md
حالة الجهاز في البداية: سليم
حالة الجهاز بعد الفحص: سليم
الحالة النهائية: good
Final Device Condition: OK"
"4516","51","""2026-07-27T09:34:36.726Z""","""2026-07-27T09:34:36.726Z""","609","","","OK","471","Morpho md","2238SMP0000926","10.254.198.117","","","","","","نوع الجهاز: Morpho md
حالة الجهاز في البداية: سليم
حالة الجهاز بعد الفحص: سليم
الحالة النهائية: good
Final Device Condition: OK"
"4517","51","""2026-07-27T09:34:58.738Z""","""2026-07-27T09:34:58.738Z""","608","","","OK","470","Morpho md","2234SMP0002609","10.254.198.116","","","","","","نوع الجهاز: Morpho md
حالة الجهاز في البداية: سليم
حالة الجهاز بعد الفحص: سليم
الحالة النهائية: good
Final Device Condition: OK"
"4518","51","""2026-07-27T09:35:58.916Z""","""2026-07-27T09:35:58.916Z""","607","","","OK","469","Morpho md","2234SMP0001291","10.254.198.115","","","","","","نوع الجهاز: Morpho md
حالة الجهاز في البداية: سليم
حالة الجهاز بعد الفحص: سليم
الحالة النهائية: good
Final Device Condition: OK"
"4519","51","""2026-07-27T09:36:14.630Z""","""2026-07-27T09:36:14.630Z""","606","","","OK","468","Morpho md","2223SMP0000490","10.254.198.114","","","","","","نوع الجهاز: Morpho md
حالة الجهاز في البداية: سليم
حالة الجهاز بعد الفحص: سليم
الحالة النهائية: good
Final Device Condition: OK"
"4520","51","""2026-07-27T09:36:31.640Z""","""2026-07-27T09:36:31.640Z""","605","","","OK","467","Morpho md","2223SMP0000573","10.254.198.113","","","","","","نوع الجهاز: Morpho md
حالة الجهاز في البداية: سليم
حالة الجهاز بعد الفحص: سليم
الحالة النهائية: good
Final Device Condition: OK"
"4521","51","""2026-07-27T09:36:47.761Z""","""2026-07-27T09:36:47.761Z""","604","","","OK","466","Morpho md","2237SMP0001601","10.254.198.112","","","","","","نوع الجهاز: Morpho md
حالة الجهاز في البداية: سليم
حالة الجهاز بعد الفحص: سليم
الحالة النهائية: good
Final Device Condition: OK"
"4522","51","""2026-07-27T09:37:20.058Z""","""2026-07-27T09:37:20.058Z""","603","","","OK","465","Morpho md","2237SMP0001595","10.254.198.111","","","","","","نوع الجهاز: Morpho md
حالة الجهاز في البداية: سليم
حالة الجهاز بعد الفحص: سليم
الحالة النهائية: good
Final Device Condition: OK"
"4523","51","""2026-07-27T09:48:50.462Z""","""2026-07-27T09:48:50.462Z""","589","","","OK","451","Morpho md","2125SMP0001797","10.254.198.56","3A/4A",".وزارة التربية والتعليم","Zone 2 right","IN","","نوع الجهاز: Morpho md
حالة الجهاز في البداية: سليم
حالة الجهاز بعد الفحص: سليم
الحالة النهائية: good
Final Device Condition: OK"
"4524","51","""2026-07-27T09:49:08.670Z""","""2026-07-27T09:49:08.670Z""","588","","","OK","M NEW","Morpho md","2142SMP0001561","10.254.198.57","3A/4A","البرلمان","Zone 2 right","IN","","نوع الجهاز: Morpho md
حالة الجهاز في البداية: سليم
حالة الجهاز بعد الفحص: سليم
الحالة النهائية: good
Final Device Condition: OK"
"4525","51","""2026-07-27T09:49:26.061Z""","""2026-07-27T09:49:26.061Z""","590","","","OK","452","Morpho md","2147SMP0000462","10.254.198.55","3A/4A","وزارة التعليم العالي","Zone 2 right","IN","","نوع الجهاز: Morpho md
حالة الجهاز في البداية: سليم
حالة الجهاز بعد الفحص: سليم
الحالة النهائية: good
Final Device Condition: OK"
"4526","51","""2026-07-27T09:49:45.840Z""","""2026-07-27T09:49:45.840Z""","591","","","OK","453","Morpho md","2142SMP0001514","10.254.198.54","3A/4A",".وزارة التربية والتعليم","Zone 2 right","IN","","نوع الجهاز: Morpho md
حالة الجهاز في البداية: سليم
حالة الجهاز بعد الفحص: سليم
الحالة النهائية: good
Final Device Condition: OK"
"4527","51","""2026-07-27T09:50:01.435Z""","""2026-07-27T09:50:01.435Z""","592","","","OK","454","Morpho md","2147SMP0000196","10.254.198.109","","","","","","نوع الجهاز: Morpho md
حالة الجهاز في البداية: سليم
حالة الجهاز بعد الفحص: سليم
الحالة النهائية: good
Final Device Condition: OK"
"4528","51","""2026-07-27T09:50:24.895Z""","""2026-07-27T09:50:24.895Z""","593","","","OK","455","Morpho md","2124SMP0000380","10.254.198.53","","","","","","نوع الجهاز: Morpho md
حالة الجهاز في البداية: سليم
حالة الجهاز بعد الفحص: سليم
الحالة النهائية: good
Final Device Condition: OK"
"4529","51","""2026-07-27T09:51:00.585Z""","""2026-07-27T09:51:00.585Z""","594","","","OK","456","Morpho md","2147SMP0000936","10.254.198.52","","","","","","نوع الجهاز: Morpho md
حالة الجهاز في البداية: سليم
حالة الجهاز بعد الفحص: سليم
الحالة النهائية: good
Final Device Condition: OK"
"4530","51","""2026-07-27T10:03:40.879Z""","""2026-07-27T10:03:40.879Z""","625","","","OK","487","Morpho md","2143SMP0001263","10.254.198.6","","","","","","نوع الجهاز: Morpho md
حالة الجهاز في البداية: سليم
حالة الجهاز بعد الفحص: سليم
الحالة النهائية: good
Final Device Condition: OK"
"4531","51","""2026-07-27T10:04:04.971Z""","""2026-07-27T10:04:04.971Z""","627","","","OK","489","Morpho md","2143SMP0001768","10.254.198.8","","","","","","نوع الجهاز: Morpho md
حالة الجهاز في البداية: سليم
حالة الجهاز بعد الفحص: سليم
الحالة النهائية: good
Final Device Condition: OK"
"4532","51","""2026-07-27T10:04:21.202Z""","""2026-07-27T10:04:21.202Z""","628","","","OK","490","Morpho md","2143SMP0001836","10.254.198.9","","","","","","نوع الجهاز: Morpho md
حالة الجهاز في البداية: سليم
حالة الجهاز بعد الفحص: سليم
الحالة النهائية: good
Final Device Condition: OK"
"4533","51","""2026-07-27T10:04:37.928Z""","""2026-07-27T10:04:37.928Z""","629","","","OK","491","Morpho md","2142SMP0000542","10.254.198.10","","","","","","نوع الجهاز: Morpho md
حالة الجهاز في البداية: سليم
حالة الجهاز بعد الفحص: سليم
الحالة النهائية: good
Final Device Condition: OK"
"4534","51","""2026-07-27T10:04:52.593Z""","""2026-07-27T10:04:52.593Z""","630","","","OK","492","Morpho md","2142SMP0001159","10.254.198.11","","","","","","نوع الجهاز: Morpho md
حالة الجهاز في البداية: سليم
حالة الجهاز بعد الفحص: سليم
الحالة النهائية: good
Final Device Condition: OK"
"4535","51","""2026-07-27T10:05:07.399Z""","""2026-07-27T10:05:07.399Z""","631","","","OK","493","Morpho md","2143SMP0001614","10.254.198.12","","","","","","نوع الجهاز: Morpho md
حالة الجهاز في البداية: سليم
حالة الجهاز بعد الفحص: سليم
الحالة النهائية: good
Final Device Condition: OK"
"4536","51","""2026-07-27T10:05:28.429Z""","""2026-07-27T10:05:28.429Z""","632","","","OK","494","Morpho md","2142SMP0001431","10.254.198.13","","","","","","نوع الجهاز: Morpho md
حالة الجهاز في البداية: سليم
حالة الجهاز بعد الفحص: سليم
الحالة النهائية: good
Final Device Condition: OK"
"4537","51","""2026-07-27T10:05:43.736Z""","""2026-07-27T10:05:43.736Z""","1522","","","OK","1398","Morpho md","2143smp0001560","10.254.193.21","","","","","","نوع الجهاز: Morpho md
حالة الجهاز في البداية: سليم
حالة الجهاز بعد الفحص: سليم
الحالة النهائية: good
Final Device Condition: OK"
"4538","51","""2026-07-27T10:05:57.373Z""","""2026-07-27T10:05:57.373Z""","1521","","","OK","1397","Morpho md","2125smp0001148","10.254.193.20","","","","","","نوع الجهاز: Morpho md
حالة الجهاز في البداية: سليم
حالة الجهاز بعد الفحص: سليم
الحالة النهائية: good
Final Device Condition: OK"
"4539","51","""2026-07-27T10:06:17.132Z""","""2026-07-27T10:06:17.132Z""","1520","","","OK","1396","Morpho md","2125smp0000501","10.254.193.19","","","","","","نوع الجهاز: Morpho md
حالة الجهاز في البداية: سليم
حالة الجهاز بعد الفحص: سليم
الحالة النهائية: good
Final Device Condition: OK"
"4540","51","""2026-07-27T10:06:33.731Z""","""2026-07-27T10:06:33.731Z""","1519","","","OK","1395","Morpho md","2124smp000093","10.254.193.18","","","","","","نوع الجهاز: Morpho md
حالة الجهاز في البداية: سليم
حالة الجهاز بعد الفحص: سليم
الحالة النهائية: good
Final Device Condition: OK"
"4541","51","""2026-07-27T10:06:56.156Z""","""2026-07-27T10:06:56.156Z""","1518","","","OK","1394","Morpho md","2124smp0001591","10.254.193.17","","","","","","نوع الجهاز: Morpho md
حالة الجهاز في البداية: سليم
حالة الجهاز بعد الفحص: سليم
الحالة النهائية: good
Final Device Condition: OK"
"4542","51","""2026-07-27T10:07:13.655Z""","""2026-07-27T10:07:13.655Z""","1517","","","OK","1393","Morpho md","2124smp0000922","10.254.193.16","","","","","","نوع الجهاز: Morpho md
حالة الجهاز في البداية: سليم
حالة الجهاز بعد الفحص: سليم
الحالة النهائية: good
Final Device Condition: OK"
"4543","51","""2026-07-27T10:07:30.584Z""","""2026-07-27T10:07:30.584Z""","1516","","","OK","1392","Morpho md","2120smp0000476","10.254.193..15","","","","","","نوع الجهاز: Morpho md
حالة الجهاز في البداية: سليم
حالة الجهاز بعد الفحص: سليم
الحالة النهائية: good
Final Device Condition: OK"
"4544","51","""2026-07-27T10:07:51.862Z""","""2026-07-27T10:07:51.862Z""","1515","","","OK","1391","Morpho md","2143smp0000268","10.254.193.14","","","","","","نوع الجهاز: Morpho md
حالة الجهاز في البداية: سليم
حالة الجهاز بعد الفحص: سليم
الحالة النهائية: good
Final Device Condition: OK"
"4545","51","""2026-07-27T10:17:32.817Z""","""2026-07-27T10:17:32.817Z""","639","","","OK","501","Morpho md","2234SMP0001178","10.254.198.78","","","","","","نوع الجهاز: Morpho md
حالة الجهاز في البداية: سليم
حالة الجهاز بعد الفحص: سليم
الحالة النهائية: good
Final Device Condition: OK"
"4546","51","""2026-07-27T10:17:47.739Z""","""2026-07-27T10:17:47.739Z""","638","","","OK","500","Morpho md","2234SMP0001246","10.254.198.79","","","","","","نوع الجهاز: Morpho md
حالة الجهاز في البداية: سليم
حالة الجهاز بعد الفحص: سليم
الحالة النهائية: good
Final Device Condition: OK"
"4547","51","""2026-07-27T10:18:01.501Z""","""2026-07-27T10:18:01.501Z""","637","","","OK","499","Morpho md","2238SMP0000650","10.254.198.80","","","","","","نوع الجهاز: Morpho md
حالة الجهاز في البداية: سليم
حالة الجهاز بعد الفحص: سليم
الحالة النهائية: good
Final Device Condition: OK"
"4548","51","""2026-07-27T10:18:15.986Z""","""2026-07-27T10:18:15.986Z""","636","","","OK","498","Morpho md","2238SMP0000742","10.254.198.81","","","","","","نوع الجهاز: Morpho md
حالة الجهاز في البداية: سليم
حالة الجهاز بعد الفحص: سليم
الحالة النهائية: good
Final Device Condition: OK"
"4549","51","""2026-07-27T10:18:40.835Z""","""2026-07-27T10:18:40.835Z""","635","","","OK","497","Morpho md","2234SMP0001581","10.254.198.82","","","","","","نوع الجهاز: Morpho md
حالة الجهاز في البداية: سليم
حالة الجهاز بعد الفحص: سليم
الحالة النهائية: good
Final Device Condition: OK"
"4550","51","""2026-07-27T10:19:00.285Z""","""2026-07-27T10:19:00.285Z""","634","","","OK","496","Morpho md","2237SMP0001694","10.254.198.83","","","","","","نوع الجهاز: Morpho md
حالة الجهاز في البداية: سليم
حالة الجهاز بعد الفحص: سليم
الحالة النهائية: good
Final Device Condition: OK"
"4551","51","""2026-07-27T10:19:36.475Z""","""2026-07-27T10:19:36.475Z""","633","","","OK","495","Morpho md","2238SMP0000971","10.254.198.84","","","","","","نوع الجهاز: Morpho md
حالة الجهاز في البداية: سليم
حالة الجهاز بعد الفحص: سليم
الحالة النهائية: good
Final Device Condition: OK"
"4552","51","""2026-07-27T10:20:08.578Z""","""2026-07-27T10:20:08.578Z""","1508","","","OK","1384","Morpho md","2234smp0002722","10.254.193.85","","","","","","نوع الجهاز: Morpho md
حالة الجهاز في البداية: سليم
حالة الجهاز بعد الفحص: سليم
الحالة النهائية: good
Final Device Condition: OK"
"4553","51","""2026-07-27T10:20:22.657Z""","""2026-07-27T10:20:22.657Z""","1509","","","OK","1385","Morpho md","2234smp0002630","10.254.193.86","","","","","","نوع الجهاز: Morpho md
حالة الجهاز في البداية: سليم
حالة الجهاز بعد الفحص: سليم
الحالة النهائية: good
Final Device Condition: OK"
"4554","51","""2026-07-27T10:20:37.114Z""","""2026-07-27T10:20:37.114Z""","1510","","","OK","1386","Morpho md","2238smp0000728","10.254.193.87","","","","","","نوع الجهاز: Morpho md
حالة الجهاز في البداية: سليم
حالة الجهاز بعد الفحص: سليم
الحالة النهائية: good
Final Device Condition: OK"
"4555","51","""2026-07-27T10:20:53.428Z""","""2026-07-27T10:20:53.428Z""","1511","","","OK","1387","Morpho md","2234smp0003000","10.254.193.88","","","","","","نوع الجهاز: Morpho md
حالة الجهاز في البداية: سليم
حالة الجهاز بعد الفحص: سليم
الحالة النهائية: good
Final Device Condition: OK"
"4556","51","""2026-07-27T10:21:07.934Z""","""2026-07-27T10:21:07.934Z""","1512","","","OK","1388","Morpho md","2237smp0001397","10.254.193.89","","","","","","نوع الجهاز: Morpho md
حالة الجهاز في البداية: سليم
حالة الجهاز بعد الفحص: سليم
الحالة النهائية: good
Final Device Condition: OK"
"4557","51","""2026-07-27T10:21:23.982Z""","""2026-07-27T10:21:23.982Z""","1513","","","OK","1389","Morpho md","2234smp0002685","10.254.193.90","","","","","","نوع الجهاز: Morpho md
حالة الجهاز في البداية: سليم
حالة الجهاز بعد الفحص: سليم
الحالة النهائية: good
Final Device Condition: OK"
"4558","51","""2026-07-27T10:21:42.107Z""","""2026-07-27T10:21:42.107Z""","1514","","","OK","1390","Morpho md","2238smp0000490","10.254.193.91","","","","","","نوع الجهاز: Morpho md
حالة الجهاز في البداية: سليم
حالة الجهاز بعد الفحص: سليم
الحالة النهائية: good
Final Device Condition: OK"
"4559","51","""2026-07-27T10:40:46.502Z""","""2026-07-27T10:40:46.502Z""","1010","","","OK","881","Morpho md","2136SMP0000505","10.254.193.51","","","","","","نوع الجهاز: Morpho md
حالة الجهاز في البداية: سليم
حالة الجهاز بعد الفحص: سليم
الحالة النهائية: good
Final Device Condition: OK"
"4560","51","""2026-07-27T10:41:02.240Z""","""2026-07-27T10:41:02.240Z""","1009","","","OK","880","Morpho md","2143SMP0001294","10.254.193.49","","","","","","نوع الجهاز: Morpho md
حالة الجهاز في البداية: سليم
حالة الجهاز بعد الفحص: سليم
الحالة النهائية: good
Final Device Condition: OK"
"4561","51","""2026-07-27T10:41:21.348Z""","""2026-07-27T10:41:21.348Z""","1008","","","OK","879","Morpho md","2143SMP0001713","10.254.193.47","","","","","","نوع الجهاز: Morpho md
حالة الجهاز في البداية: سليم
حالة الجهاز بعد الفحص: سليم
الحالة النهائية: good
Final Device Condition: OK"
"4562","51","""2026-07-27T10:41:38.682Z""","""2026-07-27T10:41:38.682Z""","1007","","","OK","878","Morpho md","2142SMP0002252","10.254.193.45","","","","","","نوع الجهاز: Morpho md
حالة الجهاز في البداية: سليم
حالة الجهاز بعد الفحص: سليم
الحالة النهائية: good
Final Device Condition: OK"
"4563","51","""2026-07-27T10:41:55.203Z""","""2026-07-27T10:41:55.203Z""","1006","","","OK","877","Morpho md","2142SMP0002788","10.254.193.43","","","","","","نوع الجهاز: Morpho md
حالة الجهاز في البداية: سليم
حالة الجهاز بعد الفحص: سليم
الحالة النهائية: good
Final Device Condition: OK"
"4564","51","""2026-07-27T10:42:42.224Z""","""2026-07-27T10:42:42.224Z""","1005","","","OK","876","Morpho md","2124SMP0001248","10.254.193.41","","","","","","نوع الجهاز: Morpho md
حالة الجهاز في البداية: سليم
حالة الجهاز بعد الفحص: سليم
الحالة النهائية: good
Final Device Condition: OK"
"4565","51","""2026-07-27T10:43:01.987Z""","""2026-07-27T10:43:01.987Z""","1004","","","OK","875","Morpho md","2142SMP0001134","10.254.193.39","","","","","","نوع الجهاز: Morpho md
حالة الجهاز في البداية: سليم
حالة الجهاز بعد الفحص: سليم
الحالة النهائية: good
Final Device Condition: OK"
"4566","51","""2026-07-27T10:43:18.484Z""","""2026-07-27T10:43:18.484Z""","640","","","OK","502","Morpho md","2142SMP0000887","10.254.198.38","","","","","","نوع الجهاز: Morpho md
حالة الجهاز في البداية: سليم
حالة الجهاز بعد الفحص: سليم
الحالة النهائية: good
Final Device Condition: OK"
"4567","51","""2026-07-27T10:43:34.231Z""","""2026-07-27T10:43:34.231Z""","641","","","OK","503","Morpho md","2142SMP0002436","10.254.198.40","","","","","","نوع الجهاز: Morpho md
حالة الجهاز في البداية: سليم
حالة الجهاز بعد الفحص: سليم
الحالة النهائية: good
Final Device Condition: OK"
"4568","51","""2026-07-27T10:43:49.744Z""","""2026-07-27T10:43:49.744Z""","642","","","OK","504","Morpho md","2142SMP0002924","10.254.198.42","","","","","","نوع الجهاز: Morpho md
حالة الجهاز في البداية: سليم
حالة الجهاز بعد الفحص: سليم
الحالة النهائية: good
Final Device Condition: OK"
"4569","51","""2026-07-27T10:44:04.751Z""","""2026-07-27T10:44:04.751Z""","643","","","OK","505","Morpho md","2234SMP0002296","10.254.198.44","","","","","","نوع الجهاز: Morpho md
حالة الجهاز في البداية: سليم
حالة الجهاز بعد الفحص: سليم
الحالة النهائية: good
Final Device Condition: OK"
"4570","51","""2026-07-27T10:44:20.927Z""","""2026-07-27T10:44:20.927Z""","644","","","OK","506","Morpho md","2136SMP0001678","10.254.198.46","","","","","","نوع الجهاز: Morpho md
حالة الجهاز في البداية: سليم
حالة الجهاز بعد الفحص: سليم
الحالة النهائية: good
Final Device Condition: OK"
"4571","51","""2026-07-27T10:44:35.090Z""","""2026-07-27T10:44:35.090Z""","645","","","OK","507","Morpho md","2142SMP0001127","10.254.198.48","","","","","","نوع الجهاز: Morpho md
حالة الجهاز في البداية: سليم
حالة الجهاز بعد الفحص: سليم
الحالة النهائية: good
Final Device Condition: OK"
"4572","51","""2026-07-27T10:44:58.432Z""","""2026-07-27T10:44:58.432Z""","646","","","OK","508","Morpho md","2143SMP0001553","10.254.198.50","","","","","","نوع الجهاز: Morpho md
حالة الجهاز في البداية: سليم
حالة الجهاز بعد الفحص: سليم
الحالة النهائية: good
Final Device Condition: OK"
"4573","51","""2026-07-27T12:14:43.175Z""","""2026-07-27T12:14:43.175Z""","459","","","OK","320","Morpho md","2237SMP0000040","10.254.206.73","","","","","","نوع الجهاز: Morpho md
حالة الجهاز في البداية: سليم
حالة الجهاز بعد الفحص: سليم
الحالة النهائية: good
Final Device Condition: OK"
"4574","51","""2026-07-27T12:15:11.459Z""","""2026-07-27T12:15:11.459Z""","458","","","OK","319","Morpho md","2234SMP0003032","10.254.206.72","","","","","","نوع الجهاز: Morpho md
حالة الجهاز في البداية: سليم
حالة الجهاز بعد الفحص: سليم
الحالة النهائية: good
Final Device Condition: OK"
"4575","51","""2026-07-27T12:15:45.164Z""","""2026-07-27T12:15:45.164Z""","457","","","OK","318","Morpho md","2234SMP0003031","10.254.206.71","","","","","","نوع الجهاز: Morpho md
حالة الجهاز في البداية: سليم
حالة الجهاز بعد الفحص: سليم
الحالة النهائية: good
Final Device Condition: OK"
"4576","51","""2026-07-27T12:16:07.220Z""","""2026-07-27T12:16:07.220Z""","456","","","OK","317","Morpho md","2223SMP0000711","10.254.206.70","","","","","","نوع الجهاز: Morpho md
حالة الجهاز في البداية: سليم
حالة الجهاز بعد الفحص: سليم
الحالة النهائية: good
Final Device Condition: OK"
"4577","51","""2026-07-27T12:16:24.773Z""","""2026-07-27T12:16:24.773Z""","455","","","OK","316","Morpho md","2237SMP0000026","10.254.206.69","","","","","","نوع الجهاز: Morpho md
حالة الجهاز في البداية: سليم
حالة الجهاز بعد الفحص: سليم
الحالة النهائية: good
Final Device Condition: OK"
"4578","51","""2026-07-27T12:16:43.674Z""","""2026-07-27T12:16:43.674Z""","454","","","OK","315","Morpho md","2234SMP0001635","10.254.206.68","","","","","","نوع الجهاز: Morpho md
حالة الجهاز في البداية: سليم
حالة الجهاز بعد الفحص: سليم
الحالة النهائية: good
Final Device Condition: OK"
"4579","51","""2026-07-27T12:17:06.720Z""","""2026-07-27T12:17:06.720Z""","453","","","OK","314","Morpho md","2234SMP0001598","10.254.206.67","","","","","","نوع الجهاز: Morpho md
حالة الجهاز في البداية: سليم
حالة الجهاز بعد الفحص: سليم
الحالة النهائية: good
Final Device Condition: OK"
"4580","51","""2026-07-27T12:22:14.564Z""","""2026-07-27T12:22:14.564Z""","452","","","OK","313","Morpho md","2238SMP0000384","10.254.206.50","","","","","","نوع الجهاز: Morpho md
حالة الجهاز في البداية: سليم
حالة الجهاز بعد الفحص: سليم
الحالة النهائية: good
Final Device Condition: OK"
"4581","51","""2026-07-27T12:22:35.589Z""","""2026-07-27T12:22:35.589Z""","451","","","OK","312","Morpho md","2234SMP0001215","10.254.206.58","","","","","","نوع الجهاز: Morpho md
حالة الجهاز في البداية: سليم
حالة الجهاز بعد الفحص: سليم
الحالة النهائية: good
Final Device Condition: OK"
"4582","51","""2026-07-27T12:22:54.857Z""","""2026-07-27T12:22:54.857Z""","450","","","OK","311","Morpho md","2234SMP0003260","10.254.206.59","","","","","","نوع الجهاز: Morpho md
حالة الجهاز في البداية: سليم
حالة الجهاز بعد الفحص: سليم
الحالة النهائية: good
Final Device Condition: OK"
"4583","51","""2026-07-27T12:23:13.798Z""","""2026-07-27T12:23:13.798Z""","449","","","OK","310","Morpho md","2238SMP0000896","10.254.206.51","","","","","","نوع الجهاز: Morpho md
حالة الجهاز في البداية: سليم
حالة الجهاز بعد الفحص: سليم
الحالة النهائية: good
Final Device Condition: OK"
"4584","51","""2026-07-27T12:23:33.421Z""","""2026-07-27T12:23:33.421Z""","448","","","OK","309","Morpho md","2238SMP0000940","10.254.206.49","","","","","","نوع الجهاز: Morpho md
حالة الجهاز في البداية: سليم
حالة الجهاز بعد الفحص: سليم
الحالة النهائية: good
Final Device Condition: OK"
"4585","51","""2026-07-27T12:23:52.523Z""","""2026-07-27T12:23:52.523Z""","447","","","OK","308","Morpho md","2238SMP0000780","10.254.206.46","","","","","","نوع الجهاز: Morpho md
حالة الجهاز في البداية: سليم
حالة الجهاز بعد الفحص: سليم
الحالة النهائية: good
Final Device Condition: OK"
"4586","51","""2026-07-27T12:24:11.905Z""","""2026-07-27T12:24:11.905Z""","446","","","OK","307","Morpho md","2234SMP0001826","10.254.206.55","","","","","","نوع الجهاز: Morpho md
حالة الجهاز في البداية: سليم
حالة الجهاز بعد الفحص: سليم
الحالة النهائية: good
Final Device Condition: OK"
"4587","51","""2026-07-27T12:59:45.431Z""","""2026-07-27T12:59:45.431Z""","647","","","OK","509","Morpho md","2125SMP0000020","10.254.210.239","","","","","","نوع الجهاز: Morpho md
حالة الجهاز في البداية: سليم
حالة الجهاز بعد الفحص: سليم
الحالة النهائية: good
Final Device Condition: OK"
"4588","51","""2026-07-27T13:00:20.500Z""","""2026-07-27T13:00:20.500Z""","648","","","OK","510","Morpho md","2125SMP0000082","10.254.210.240","","","","","","نوع الجهاز: Morpho md
حالة الجهاز في البداية: سليم
حالة الجهاز بعد الفحص: سليم
الحالة النهائية: good
Final Device Condition: OK"
"4589","51","""2026-07-27T13:00:41.924Z""","""2026-07-27T13:00:41.924Z""","649","","","OK","511","Morpho md","2124SMP0000885","10.254.210.241","","","","","","نوع الجهاز: Morpho md
حالة الجهاز في البداية: سليم
حالة الجهاز بعد الفحص: سليم
الحالة النهائية: good
Final Device Condition: OK"
"4590","51","""2026-07-27T13:00:58.725Z""","""2026-07-27T13:00:58.725Z""","650","","","OK","512","Morpho md","2124SMP0000908","10.254.210.242","","","","","","نوع الجهاز: Morpho md
حالة الجهاز في البداية: سليم
حالة الجهاز بعد الفحص: سليم
الحالة النهائية: good
Final Device Condition: OK"
"4591","51","""2026-07-27T13:01:14.698Z""","""2026-07-27T13:01:14.698Z""","651","","","OK","513","Morpho md","2412SMP0001073","10.254.210.243","","","","","","نوع الجهاز: Morpho md
حالة الجهاز في البداية: سليم
حالة الجهاز بعد الفحص: سليم
الحالة النهائية: good
Final Device Condition: OK"
"4592","51","""2026-07-27T13:01:31.646Z""","""2026-07-27T13:01:31.646Z""","652","","","OK","514","Morpho md","2142SMP0000818","10.254.210.244","","","","","","نوع الجهاز: Morpho md
حالة الجهاز في البداية: سليم
حالة الجهاز بعد الفحص: سليم
الحالة النهائية: good
Final Device Condition: OK"
"4593","51","""2026-07-27T13:02:00.455Z""","""2026-07-27T13:02:00.455Z""","654","","","OK","516","Morpho md","2142SMP0001349","10.254.210.246","","","","","","نوع الجهاز: Morpho md
حالة الجهاز في البداية: سليم
حالة الجهاز بعد الفحص: سليم
الحالة النهائية: good
Final Device Condition: OK"
"4594","51","""2026-07-27T13:08:51.290Z""","""2026-07-27T13:08:51.290Z""","1523","","","OK","1399","Morpho md","2237smp0000477","10.254.210.254","","","","","","نوع الجهاز: Morpho md
حالة الجهاز في البداية: سليم
حالة الجهاز بعد الفحص: سليم
الحالة النهائية: good
Final Device Condition: OK"
"4595","51","""2026-07-27T13:09:17.659Z""","""2026-07-27T13:09:17.659Z""","1524","","","OK","1400","Morpho md","2124smp0000731","10.254.210.253","","","","","","نوع الجهاز: Morpho md
حالة الجهاز في البداية: سليم
حالة الجهاز بعد الفحص: سليم
الحالة النهائية: good
Final Device Condition: OK"
"4596","51","""2026-07-27T13:09:34.102Z""","""2026-07-27T13:09:34.102Z""","1525","","","OK","1401","Morpho md","2125smp0001025","10.254.210.252","","","","","","نوع الجهاز: Morpho md
حالة الجهاز في البداية: سليم
حالة الجهاز بعد الفحص: سليم
الحالة النهائية: good
Final Device Condition: OK"
"4597","51","""2026-07-27T13:09:58.955Z""","""2026-07-27T13:09:58.955Z""","1526","","","OK","1402","Morpho md","2125smp0001650","10.254.210.251","","","","","","نوع الجهاز: Morpho md
حالة الجهاز في البداية: سليم
حالة الجهاز بعد الفحص: سليم
الحالة النهائية: good
Final Device Condition: OK"
"4598","51","""2026-07-27T13:10:16.440Z""","""2026-07-27T13:10:16.440Z""","1527","","","OK","1403","Morpho md","2124smp0000298","10.254.210.250","","","","","","نوع الجهاز: Morpho md
حالة الجهاز في البداية: سليم
حالة الجهاز بعد الفحص: سليم
الحالة النهائية: good
Final Device Condition: OK"
"4599","51","""2026-07-27T13:10:39.693Z""","""2026-07-27T13:10:39.693Z""","1528","","","OK","1404","Morpho md","2124smp0000403","10.254.210.249","","","","","","نوع الجهاز: Morpho md
حالة الجهاز في البداية: سليم
حالة الجهاز بعد الفحص: سليم
الحالة النهائية: good
Final Device Condition: OK"
"4600","51","""2026-07-27T13:11:00.176Z""","""2026-07-27T13:11:00.176Z""","1529","","","OK","1405","Morpho md","2142smp0001417","10.254.210.248","","","","","","نوع الجهاز: Morpho md
حالة الجهاز في البداية: سليم
حالة الجهاز بعد الفحص: سليم
الحالة النهائية: good
Final Device Condition: OK"
"4601","51","""2026-07-27T13:11:46.478Z""","""2026-07-27T13:11:46.478Z""","1530","","","OK","1406","Morpho md","2142smp0001301","10.254.210.247","","","","","","نوع الجهاز: Morpho md
حالة الجهاز في البداية: سليم
حالة الجهاز بعد الفحص: سليم
الحالة النهائية: good
Final Device Condition: OK"
"4602","51","""2026-07-27T13:13:11.930Z""","""2026-07-27T13:13:11.930Z""","1538","","","OK","1414","Morpho md","2143smp0000022","10.254.210.5","","","","","","نوع الجهاز: Morpho md
حالة الجهاز في البداية: سليم
حالة الجهاز بعد الفحص: سليم
الحالة النهائية: good
Final Device Condition: OK"
"4603","51","""2026-07-27T13:13:47.222Z""","""2026-07-27T13:13:47.222Z""","1537","","","OK","1413","Morpho md","2125smp0000327","10.254.210.7","","","","","","نوع الجهاز: Morpho md
حالة الجهاز في البداية: سليم
حالة الجهاز بعد الفحص: سليم
الحالة النهائية: good
Final Device Condition: OK"
"4604","51","""2026-07-27T13:14:10.562Z""","""2026-07-27T13:14:10.562Z""","1536","","","OK","1412","Morpho md","2111smp0002159","10.254.210.9","","","","","","نوع الجهاز: Morpho md
حالة الجهاز في البداية: سليم
حالة الجهاز بعد الفحص: سليم
الحالة النهائية: good
Final Device Condition: OK"
"4605","51","""2026-07-27T13:14:27.855Z""","""2026-07-27T13:14:27.855Z""","1535","","","OK","1411","Morpho md","2238smp0000636","10.254.210.43","","","","","","نوع الجهاز: Morpho md
حالة الجهاز في البداية: سليم
حالة الجهاز بعد الفحص: سليم
الحالة النهائية: good
Final Device Condition: OK"
"4606","51","""2026-07-27T13:15:04.313Z""","""2026-07-27T13:15:04.313Z""","1534","","","OK","1410","Morpho md","2111smp0002234","10.254.210.51","","","","","","نوع الجهاز: Morpho md
حالة الجهاز في البداية: سليم
حالة الجهاز بعد الفحص: سليم
الحالة النهائية: good
Final Device Condition: OK"
"4607","51","""2026-07-27T13:15:30.406Z""","""2026-07-27T13:15:30.406Z""","1533","","","OK","1409","Morpho md","2111smp0002418","10.254.210.40","","","","","","نوع الجهاز: Morpho md
حالة الجهاز في البداية: سليم
حالة الجهاز بعد الفحص: سليم
الحالة النهائية: good
Final Device Condition: OK"
"4608","51","""2026-07-27T13:16:00.211Z""","""2026-07-27T13:16:00.211Z""","1532","","","OK","1408","Morpho md","2143smp0000190","10.254.210.73","","","","","","نوع الجهاز: Morpho md
حالة الجهاز في البداية: سليم
حالة الجهاز بعد الفحص: سليم
الحالة النهائية: good
Final Device Condition: OK"
"4609","51","""2026-07-27T13:16:16.442Z""","""2026-07-27T13:16:16.442Z""","1531","","","OK","1407","Morpho md","21205smp0000575","10.254.210.75","","","","","","نوع الجهاز: Morpho md
حالة الجهاز في البداية: سليم
حالة الجهاز بعد الفحص: سليم
الحالة النهائية: good
Final Device Condition: OK"
"4610","51","""2026-07-27T13:16:50.484Z""","""2026-07-27T13:16:50.484Z""","655","","","OK","517","Morpho md","2125SMP0001308","10.254.210.201","","","","","","نوع الجهاز: Morpho md
حالة الجهاز في البداية: سليم
حالة الجهاز بعد الفحص: سليم
الحالة النهائية: good
Final Device Condition: OK"
"4611","51","""2026-07-27T13:17:48.956Z""","""2026-07-27T13:17:48.956Z""","656","","","OK","518","Morpho md","2111SMP0002265","10.254.210.6","","","","","","نوع الجهاز: Morpho md
حالة الجهاز في البداية: سليم
حالة الجهاز بعد الفحص: سليم
الحالة النهائية: good
Final Device Condition: OK"
"4612","51","""2026-07-27T13:18:19.861Z""","""2026-07-27T13:18:19.861Z""","657","","","OK","519","Morpho md","2124SMP0001200","10.254.210.8","","","","","","نوع الجهاز: Morpho md
حالة الجهاز في البداية: سليم
حالة الجهاز بعد الفحص: سليم
الحالة النهائية: good
Final Device Condition: OK"
"4613","51","""2026-07-27T13:18:40.576Z""","""2026-07-27T13:18:40.576Z""","658","","","OK","520","Morpho md","2111SMP0002272","10.254.210.17","","","","","","نوع الجهاز: Morpho md
حالة الجهاز في البداية: سليم
حالة الجهاز بعد الفحص: سليم
الحالة النهائية: good
Final Device Condition: OK"
"4614","51","""2026-07-27T13:18:58.847Z""","""2026-07-27T13:18:58.847Z""","659","","","OK","521","Morpho md","2111SMP0001727","10.254.210.44","","","","","","نوع الجهاز: Morpho md
حالة الجهاز في البداية: سليم
حالة الجهاز بعد الفحص: سليم
الحالة النهائية: good
Final Device Condition: OK"
"4615","51","""2026-07-27T13:19:25.494Z""","""2026-07-27T13:19:25.494Z""","660","","","OK","522","Morpho md","2111SMP0002425","10.254.210.55","","","","","","نوع الجهاز: Morpho md
حالة الجهاز في البداية: سليم
حالة الجهاز بعد الفحص: سليم
الحالة النهائية: good
Final Device Condition: OK"
"4616","51","""2026-07-27T13:19:43.949Z""","""2026-07-27T13:19:43.949Z""","661","","","OK","523","Morpho md","2111SMP0002562","10.254.210.72","","","","","","نوع الجهاز: Morpho md
حالة الجهاز في البداية: سليم
حالة الجهاز بعد الفحص: سليم
الحالة النهائية: good
Final Device Condition: OK"
"4617","51","""2026-07-27T13:20:23.277Z""","""2026-07-27T13:20:23.277Z""","662","","","OK","524","Morpho md","2125SMP0000457","10.254.210.74","","","","","","نوع الجهاز: Morpho md
حالة الجهاز في البداية: سليم
حالة الجهاز بعد الفحص: سليم
الحالة النهائية: good
Final Device Condition: OK"
"4618","51","""2026-07-27T13:21:52.922Z""","""2026-07-27T13:21:52.922Z""","1539","","","OK","1415","Morpho md","2125smp0000938","10.254.210.207","","","","","","نوع الجهاز: Morpho md
حالة الجهاز في البداية: سليم
حالة الجهاز بعد الفحص: سليم
الحالة النهائية: good
Final Device Condition: OK"
"4619","51","""2026-07-27T13:22:08.341Z""","""2026-07-27T13:22:08.341Z""","1540","","","OK","1416","Morpho md","2111smp0001086","10.254.210.206","","","","","","نوع الجهاز: Morpho md
حالة الجهاز في البداية: سليم
حالة الجهاز بعد الفحص: سليم
الحالة النهائية: good
Final Device Condition: OK"
"4620","51","""2026-07-27T13:22:23.302Z""","""2026-07-27T13:22:23.302Z""","1541","","","OK","1417","Morpho md","2125smp0001070","10.254.210.205","","","","","","نوع الجهاز: Morpho md
حالة الجهاز في البداية: سليم
حالة الجهاز بعد الفحص: سليم
الحالة النهائية: good
Final Device Condition: OK"
"4621","51","""2026-07-27T13:22:41.416Z""","""2026-07-27T13:22:41.416Z""","1542","","","OK","1418","Morpho md","2125smp0000112","10.254.210.204","","","","","","نوع الجهاز: Morpho md
حالة الجهاز في البداية: سليم
حالة الجهاز بعد الفحص: سليم
الحالة النهائية: good
Final Device Condition: OK"
"4622","51","""2026-07-27T13:23:03.295Z""","""2026-07-27T13:23:03.295Z""","1543","","","OK","1419","Morpho md","2120smp0000155","10.254.210.203","","","","","","نوع الجهاز: Morpho md
حالة الجهاز في البداية: سليم
حالة الجهاز بعد الفحص: سليم
الحالة النهائية: good
Final Device Condition: OK"
"4623","51","""2026-07-27T13:23:22.841Z""","""2026-07-27T13:23:22.841Z""","1544","","","OK","1420","Morpho md","2125smp0000280","10.254.210.202","","","","","","نوع الجهاز: Morpho md
حالة الجهاز في البداية: سليم
حالة الجهاز بعد الفحص: سليم
الحالة النهائية: good
Final Device Condition: OK"
"4624","51","""2026-07-27T13:23:38.843Z""","""2026-07-27T13:23:38.843Z""","1545","","","OK","1421","Morpho md","2238smp0000155","10.254.210.85","","","","","","نوع الجهاز: Morpho md
حالة الجهاز في البداية: سليم
حالة الجهاز بعد الفحص: سليم
الحالة النهائية: good
Final Device Condition: OK"
"4625","51","""2026-07-27T13:23:55.937Z""","""2026-07-27T13:23:55.937Z""","1546","","","OK","1422","Morpho md","2124smp0001019","10.254.210.84","","","","","","نوع الجهاز: Morpho md
حالة الجهاز في البداية: سليم
حالة الجهاز بعد الفحص: سليم
الحالة النهائية: good
Final Device Condition: OK"
"4626","51","""2026-07-27T13:24:14.342Z""","""2026-07-27T13:24:14.342Z""","670","","","OK","532","Morpho md","2147SMP0000042","10.254.210.83","","","","","","نوع الجهاز: Morpho md
حالة الجهاز في البداية: سليم
حالة الجهاز بعد الفحص: سليم
الحالة النهائية: good
Final Device Condition: OK"
"4627","51","""2026-07-27T13:24:28.560Z""","""2026-07-27T13:24:28.560Z""","669","","","OK","531","Morpho md","2143SMP0000558","10.254.210.82","","","","","","نوع الجهاز: Morpho md
حالة الجهاز في البداية: سليم
حالة الجهاز بعد الفحص: سليم
الحالة النهائية: good
Final Device Condition: OK"
"4628","51","""2026-07-27T13:24:44.384Z""","""2026-07-27T13:24:44.384Z""","668","","","OK","530","Morpho md","2124SMP0001545","10.254.210.81","","","","","","نوع الجهاز: Morpho md
حالة الجهاز في البداية: سليم
حالة الجهاز بعد الفحص: سليم
الحالة النهائية: good
Final Device Condition: OK"
"4629","51","""2026-07-27T13:24:58.681Z""","""2026-07-27T13:24:58.681Z""","667","","","OK","529","Morpho md","2125SMP0000686","10.254.210.80","","","","","","نوع الجهاز: Morpho md
حالة الجهاز في البداية: سليم
حالة الجهاز بعد الفحص: سليم
الحالة النهائية: good
Final Device Condition: OK"
"4630","51","""2026-07-27T13:25:16.503Z""","""2026-07-27T13:25:16.503Z""","666","","","OK","528","Morpho md","2125SMP0002167","10.254.210.79","","","","","","نوع الجهاز: Morpho md
حالة الجهاز في البداية: سليم
حالة الجهاز بعد الفحص: سليم
الحالة النهائية: good
Final Device Condition: OK"
"4631","51","""2026-07-27T13:25:33.054Z""","""2026-07-27T13:25:33.054Z""","665","","","OK","527","Morpho md","2124SMP0000854","10.254.210.78","","","","","","نوع الجهاز: Morpho md
حالة الجهاز في البداية: سليم
حالة الجهاز بعد الفحص: سليم
الحالة النهائية: good
Final Device Condition: OK"
"4632","51","""2026-07-27T13:25:46.985Z""","""2026-07-27T13:25:46.985Z""","664","","","OK","526","Morpho md","2111SMP0001949","10.254.210.77","","","","","","نوع الجهاز: Morpho md
حالة الجهاز في البداية: سليم
حالة الجهاز بعد الفحص: سليم
الحالة النهائية: good
Final Device Condition: OK"
"4633","51","""2026-07-27T13:32:10.244Z""","""2026-07-27T13:32:10.244Z""","919","","","OK","781","Morpho md","2143SMP0000633","10.254.210.208","","","","","","نوع الجهاز: Morpho md
حالة الجهاز في البداية: سليم
حالة الجهاز بعد الفحص: سليم
الحالة النهائية: good
Final Device Condition: OK"
"4634","51","""2026-07-27T13:32:36.468Z""","""2026-07-27T13:32:36.468Z""","920","","","OK","782","Morpho md","2111SMP0002241","10.254.210.209","","","","","","نوع الجهاز: Morpho md
حالة الجهاز في البداية: سليم
حالة الجهاز بعد الفحص: سليم
الحالة النهائية: good
Final Device Condition: OK"
"4635","51","""2026-07-27T13:33:35.957Z""","""2026-07-27T13:33:35.957Z""","921","","","OK","783","Morpho md","2120SMP0000179","10.254.210.210","","","","","","نوع الجهاز: Morpho md
حالة الجهاز في البداية: سليم
حالة الجهاز بعد الفحص: سليم
الحالة النهائية: good
Final Device Condition: OK"
"4636","51","""2026-07-27T13:33:57.889Z""","""2026-07-27T13:33:57.889Z""","922","","","OK","784","Morpho md","2142SMP0000894","10.254.210.211","","","","","","نوع الجهاز: Morpho md
حالة الجهاز في البداية: سليم
حالة الجهاز بعد الفحص: سليم
الحالة النهائية: good
Final Device Condition: OK"
"4637","51","""2026-07-27T13:34:18.273Z""","""2026-07-27T13:34:18.273Z""","923","","","OK","785","Morpho md","2125SMP0002556","10.254.210.212","","","","","","نوع الجهاز: Morpho md
حالة الجهاز في البداية: سليم
حالة الجهاز بعد الفحص: سليم
الحالة النهائية: good
Final Device Condition: OK"
"4638","51","""2026-07-27T13:34:35.669Z""","""2026-07-27T13:34:35.669Z""","924","","","OK","786","Morpho md","2223SMP0000223","10.254.210.213","","","","","","نوع الجهاز: Morpho md
حالة الجهاز في البداية: سليم
حالة الجهاز بعد الفحص: سليم
الحالة النهائية: good
Final Device Condition: OK"
"4639","51","""2026-07-27T13:34:57.054Z""","""2026-07-27T13:34:57.054Z""","925","","","OK","787","Morpho md","2120SMP0000360","10.254.210.214","","","","","","نوع الجهاز: Morpho md
حالة الجهاز في البداية: سليم
حالة الجهاز بعد الفحص: سليم
الحالة النهائية: good
Final Device Condition: OK"
"4640","51","""2026-07-27T13:35:15.525Z""","""2026-07-27T13:35:15.525Z""","926","","","OK","788","Morpho md","2136SMP0000550","10.254.210.215","","","","","","نوع الجهاز: Morpho md
حالة الجهاز في البداية: سليم
حالة الجهاز بعد الفحص: سليم
الحالة النهائية: good
Final Device Condition: OK"
"4641","51","""2026-07-27T13:36:57.712Z""","""2026-07-27T13:36:57.712Z""","1041","","","OK","912","Morpho md","2143SMP0001270","10.254.210.220","","","","","","نوع الجهاز: Morpho md
حالة الجهاز في البداية: سليم
حالة الجهاز بعد الفحص: سليم
الحالة النهائية: good
Final Device Condition: OK"
"4642","51","""2026-07-27T13:37:16.948Z""","""2026-07-27T13:37:16.948Z""","1040","","","OK","911","Morpho md","2111SMP0002500","10.254.210.219","","","","","","نوع الجهاز: Morpho md
حالة الجهاز في البداية: سليم
حالة الجهاز بعد الفحص: سليم
الحالة النهائية: good
Final Device Condition: OK"
"4643","51","""2026-07-27T13:37:32.815Z""","""2026-07-27T13:37:32.815Z""","1039","","","OK","910","Morpho md","2124SMP0000694","10.254.210.218","","","","","","نوع الجهاز: Morpho md
حالة الجهاز في البداية: سليم
حالة الجهاز بعد الفحص: سليم
الحالة النهائية: good
Final Device Condition: OK"
"4644","51","""2026-07-27T13:37:59.035Z""","""2026-07-27T13:37:59.035Z""","1038","","","OK","909","Morpho md","2124SMP0000601","10.254.210.216","","","","","","نوع الجهاز: Morpho md
حالة الجهاز في البداية: سليم
حالة الجهاز بعد الفحص: سليم
الحالة النهائية: good
Final Device Condition: OK"
"4645","51","""2026-07-27T13:38:19.314Z""","""2026-07-27T13:38:19.314Z""","1037","","","OK","908","Morpho md","2125SMP0000914","10.254.210.222","","","","","","نوع الجهاز: Morpho md
حالة الجهاز في البداية: سليم
حالة الجهاز بعد الفحص: سليم
الحالة النهائية: good
Final Device Condition: OK"
"4646","51","""2026-07-27T13:38:40.223Z""","""2026-07-27T13:38:40.223Z""","1036","","","OK","907","Morpho md","2124SMP0001118","10.254.210.217","","","","","","نوع الجهاز: Morpho md
حالة الجهاز في البداية: سليم
حالة الجهاز بعد الفحص: سليم
الحالة النهائية: good
Final Device Condition: OK"
"4647","51","""2026-07-27T13:39:04.247Z""","""2026-07-27T13:39:04.247Z""","1035","","","OK","906","Morpho md","2142SMP0000481","10.254.210.221","","","","","","نوع الجهاز: Morpho md
حالة الجهاز في البداية: سليم
حالة الجهاز بعد الفحص: سليم
الحالة النهائية: good
Final Device Condition: OK"
"4648","51","""2026-07-27T14:14:56.207Z""","""2026-07-27T14:14:56.207Z""","938","","","OK","800","Morpho md","2223SMP0000810","10.254.210.144","","","","","","نوع الجهاز: Morpho md
حالة الجهاز في البداية: سليم
حالة الجهاز بعد الفحص: سليم
الحالة النهائية: good
Final Device Condition: OK"
"4649","51","""2026-07-27T14:50:52.626Z""","""2026-07-27T14:50:52.626Z""","918","","","OK","780","Morpho md","2136SMP0000840","10.254.210.172","","","","","","نوع الجهاز: Morpho md
حالة الجهاز في البداية: سليم
حالة الجهاز بعد الفحص: سليم
الحالة النهائية: good
Final Device Condition: OK"
"4650","51","""2026-07-27T14:51:24.591Z""","""2026-07-27T14:51:24.591Z""","917","","","OK","779","Morpho md","2140SMP0000018","10.254.210.181","","","","","","نوع الجهاز: Morpho md
حالة الجهاز في البداية: سليم
حالة الجهاز بعد الفحص: سليم
الحالة النهائية: good
Final Device Condition: OK"
"4651","51","""2026-07-27T14:51:41.058Z""","""2026-07-27T14:51:41.058Z""","916","","","OK","778","Morpho md","2142SMP0000108","10.254.210.183","","","","","","نوع الجهاز: Morpho md
حالة الجهاز في البداية: سليم
حالة الجهاز بعد الفحص: سليم
الحالة النهائية: good
Final Device Condition: OK"
"4652","51","""2026-07-27T14:52:02.164Z""","""2026-07-27T14:52:02.164Z""","915","","","OK","777","Morpho md","2136SMP0000901","10.254.210.179","","","","","","نوع الجهاز: Morpho md
حالة الجهاز في البداية: سليم
حالة الجهاز بعد الفحص: سليم
الحالة النهائية: good
Final Device Condition: OK"
"4653","51","""2026-07-27T14:52:22.214Z""","""2026-07-27T14:52:22.214Z""","914","","","OK","776","Morpho md","2147SMP0000486","10.254.210.180","","","","","","نوع الجهاز: Morpho md
حالة الجهاز في البداية: سليم
حالة الجهاز بعد الفحص: سليم
الحالة النهائية: good
Final Device Condition: OK"
"4654","51","""2026-07-27T14:52:38.756Z""","""2026-07-27T14:52:38.756Z""","913","","","OK","775","Morpho md","2136SMP0000673","10.254.210.175","","","","","","نوع الجهاز: Morpho md
حالة الجهاز في البداية: سليم
حالة الجهاز بعد الفحص: سليم
الحالة النهائية: good
Final Device Condition: OK"
"4655","51","""2026-07-27T14:52:56.038Z""","""2026-07-27T14:52:56.038Z""","912","","","OK","774","Morpho md","2141SMP0002000","10.254.210.169","","","","","","نوع الجهاز: Morpho md
حالة الجهاز في البداية: سليم
حالة الجهاز بعد الفحص: سليم
الحالة النهائية: good
Final Device Condition: OK"
"4656","51","""2026-07-27T14:53:13.093Z""","""2026-07-27T14:53:13.093Z""","911","","","OK","773","Morpho md","2147SMP0000592","10.254.210.173","","","","","","نوع الجهاز: Morpho md
حالة الجهاز في البداية: سليم
حالة الجهاز بعد الفحص: سليم
الحالة النهائية: good
Final Device Condition: OK"
"4657","51","""2026-07-27T14:53:45.607Z""","""2026-07-27T14:53:45.607Z""","1027","","","OK","898","Morpho md","2143SMP0000664","10.254.210.176","","","","","","نوع الجهاز: Morpho md
حالة الجهاز في البداية: سليم
حالة الجهاز بعد الفحص: سليم
الحالة النهائية: good
Final Device Condition: OK"
"4658","51","""2026-07-27T14:54:02.073Z""","""2026-07-27T14:54:02.073Z""","1028","","","OK","899","Morpho md","2136SMP0001568","10.254.210.177","","","","","","نوع الجهاز: Morpho md
حالة الجهاز في البداية: سليم
حالة الجهاز بعد الفحص: سليم
الحالة النهائية: good
Final Device Condition: OK"
"4659","51","""2026-07-27T14:54:22.390Z""","""2026-07-27T14:54:22.390Z""","1029","","","OK","900","Morpho md","2143SMP0001287","10.254.210.170","","","","","","نوع الجهاز: Morpho md
حالة الجهاز في البداية: سليم
حالة الجهاز بعد الفحص: سليم
الحالة النهائية: good
Final Device Condition: OK"
"4660","51","""2026-07-27T14:54:39.523Z""","""2026-07-27T14:54:39.523Z""","1030","","","OK","901","Morpho md","2136SMP0000659","10.254.210.178","","","","","","نوع الجهاز: Morpho md
حالة الجهاز في البداية: سليم
حالة الجهاز بعد الفحص: سليم
الحالة النهائية: good
Final Device Condition: OK"
"4661","51","""2026-07-27T14:54:56.631Z""","""2026-07-27T14:54:56.631Z""","1031","","","OK","902","Morpho md","2136SMP0001494","10.254.210.171","","","","","","نوع الجهاز: Morpho md
حالة الجهاز في البداية: سليم
حالة الجهاز بعد الفحص: سليم
الحالة النهائية: good
Final Device Condition: OK"
"4662","51","""2026-07-27T14:55:16.243Z""","""2026-07-27T14:55:16.243Z""","1032","","","OK","903","Morpho md","2142SMP0000610","10.254.210.184","","","","","","نوع الجهاز: Morpho md
حالة الجهاز في البداية: سليم
حالة الجهاز بعد الفحص: سليم
الحالة النهائية: good
Final Device Condition: OK"
"4663","51","""2026-07-27T14:55:31.570Z""","""2026-07-27T14:55:31.570Z""","1033","","","OK","904","Morpho md","2136SMP0001623","10.254.210.182","","","","","","نوع الجهاز: Morpho md
حالة الجهاز في البداية: سليم
حالة الجهاز بعد الفحص: سليم
الحالة النهائية: good
Final Device Condition: OK"
"4664","51","""2026-07-27T14:55:48.505Z""","""2026-07-27T14:55:48.505Z""","1034","","","OK","905","Morpho md","2143SMP0001119","10.254.210.174","","","","","","نوع الجهاز: Morpho md
حالة الجهاز في البداية: سليم
حالة الجهاز بعد الفحص: سليم
الحالة النهائية: good
Final Device Condition: OK"
"4665","51","""2026-07-27T15:00:57.964Z""","""2026-07-27T15:00:57.964Z""","903","","","OK","765","Morpho md","2125SMP0000129","10.254.210.34","","","","","","نوع الجهاز: Morpho md
حالة الجهاز في البداية: سليم
حالة الجهاز بعد الفحص: سليم
الحالة النهائية: good
Final Device Condition: OK"
"4666","51","""2026-07-27T15:01:21.161Z""","""2026-07-27T15:01:21.161Z""","904","","","OK","766","Morpho md","2125SMP0001032","10.254.210.31","","","","","","نوع الجهاز: Morpho md
حالة الجهاز في البداية: سليم
حالة الجهاز بعد الفحص: سليم
الحالة النهائية: good
Final Device Condition: OK"
"4667","51","""2026-07-27T15:01:54.471Z""","""2026-07-27T15:01:54.471Z""","905","","","OK","767","Morpho md","2147SMP0002030","10.254.210.25","","","","","","نوع الجهاز: Morpho md
حالة الجهاز في البداية: سليم
حالة الجهاز بعد الفحص: سليم
الحالة النهائية: good
Final Device Condition: OK"
"4668","51","""2026-07-27T15:02:19.945Z""","""2026-07-27T15:02:19.945Z""","906","","","OK","768","Morpho md","2125SMP0000013","10.254.210.12","","","","","","نوع الجهاز: Morpho md
حالة الجهاز في البداية: سليم
حالة الجهاز بعد الفحص: سليم
الحالة النهائية: good
Final Device Condition: OK"
"4669","51","""2026-07-27T15:02:46.572Z""","""2026-07-27T15:02:46.572Z""","907","","","OK","769","Morpho md","2120SMP0000032","10.254.210.29","","","","","","نوع الجهاز: Morpho md
حالة الجهاز في البداية: سليم
حالة الجهاز بعد الفحص: سليم
الحالة النهائية: good
Final Device Condition: OK"
"4670","51","""2026-07-27T15:03:00.833Z""","""2026-07-27T15:03:00.833Z""","908","","","OK","770","Morpho md","2125SMP0000587","10.254.210.24","","","","","","نوع الجهاز: Morpho md
حالة الجهاز في البداية: سليم
حالة الجهاز بعد الفحص: سليم
الحالة النهائية: good
Final Device Condition: OK"
"4671","51","""2026-07-27T15:03:17.858Z""","""2026-07-27T15:03:17.858Z""","909","","","OK","771","Morpho md","2120SMP0000131","10.254.210.33","","","","","","نوع الجهاز: Morpho md
حالة الجهاز في البداية: سليم
حالة الجهاز بعد الفحص: سليم
الحالة النهائية: good
Final Device Condition: OK"
"4672","51","""2026-07-27T15:03:44.599Z""","""2026-07-27T15:03:44.599Z""","910","","","OK","772","Morpho md","2142SMP0001356","10.254.210.21","","","","","","نوع الجهاز: Morpho md
حالة الجهاز في البداية: سليم
حالة الجهاز بعد الفحص: سليم
الحالة النهائية: good
Final Device Condition: OK"
"4673","51","""2026-07-27T15:04:57.055Z""","""2026-07-27T15:04:57.055Z""","1026","","","OK","897","Morpho md","2125SMP0000273","10.254.210.32","","","","","","نوع الجهاز: Morpho md
حالة الجهاز في البداية: سليم
حالة الجهاز بعد الفحص: سليم
الحالة النهائية: good
Final Device Condition: OK"
"4674","51","""2026-07-27T15:05:13.135Z""","""2026-07-27T15:05:13.135Z""","1025","","","OK","896","Morpho md","2125SMP0001063","10.254.210.19","","","","","","نوع الجهاز: Morpho md
حالة الجهاز في البداية: سليم
حالة الجهاز بعد الفحص: سليم
الحالة النهائية: good
Final Device Condition: OK"
"4675","51","""2026-07-27T15:05:29.651Z""","""2026-07-27T15:05:29.651Z""","1024","","","OK","895","Morpho md","2125SMP0001124","10.254.210.39","","","","","","نوع الجهاز: Morpho md
حالة الجهاز في البداية: سليم
حالة الجهاز بعد الفحص: سليم
الحالة النهائية: good
Final Device Condition: OK"
"4676","51","""2026-07-27T15:05:45.943Z""","""2026-07-27T15:05:45.943Z""","1023","","","OK","894","Morpho md","2238SMP0000063","10.254.210.13","","","","","","نوع الجهاز: Morpho md
حالة الجهاز في البداية: سليم
حالة الجهاز بعد الفحص: سليم
الحالة النهائية: good
Final Device Condition: OK"
"4677","51","""2026-07-27T15:06:18.708Z""","""2026-07-27T15:06:18.708Z""","1022","","","OK","893","Morpho md","2120SMP0000018","10.254.210.26","","","","","","نوع الجهاز: Morpho md
حالة الجهاز في البداية: سليم
حالة الجهاز بعد الفحص: سليم
الحالة النهائية: good
Final Device Condition: OK"
"4678","51","""2026-07-27T15:06:37.324Z""","""2026-07-27T15:06:37.324Z""","1021","","","OK","892","Morpho md","2120SMP0000254","10.254.210.45","","","","","","نوع الجهاز: Morpho md
حالة الجهاز في البداية: سليم
حالة الجهاز بعد الفحص: سليم
الحالة النهائية: good
Final Device Condition: OK"
"4679","51","""2026-07-27T15:06:53.979Z""","""2026-07-27T15:06:53.979Z""","1020","","","OK","891","Morpho md","2238SMP0000544","10.254.210.35","","","","","","نوع الجهاز: Morpho md
حالة الجهاز في البداية: سليم
حالة الجهاز بعد الفحص: سليم
الحالة النهائية: good
Final Device Condition: OK"
"4680","51","""2026-07-27T15:07:10.573Z""","""2026-07-27T15:07:10.573Z""","1019","","","OK","890","Morpho md","2120SMP0000551","10.254.210.36","","","","","","نوع الجهاز: Morpho md
حالة الجهاز في البداية: سليم
حالة الجهاز بعد الفحص: سليم
الحالة النهائية: good
Final Device Condition: OK"
"4681","51","""2026-07-27T15:09:13.721Z""","""2026-07-27T15:09:13.721Z""","1018","","","OK","889","Morpho md","2142SMP0001684","10.254.210.71","","","","","","نوع الجهاز: Morpho md
حالة الجهاز في البداية: سليم
حالة الجهاز بعد الفحص: سليم
الحالة النهائية: good
Final Device Condition: OK"
"4682","51","""2026-07-27T15:09:31.515Z""","""2026-07-27T15:09:31.515Z""","1017","","","OK","888","Morpho md","2124SMP0000625","10.254.210.69","","","","","","نوع الجهاز: Morpho md
حالة الجهاز في البداية: سليم
حالة الجهاز بعد الفحص: سليم
الحالة النهائية: good
Final Device Condition: OK"
"4683","51","""2026-07-27T15:09:46.377Z""","""2026-07-27T15:09:46.377Z""","1016","","","OK","887","Morpho md","2142SMP0002672","10.254.210.67","","","","","","نوع الجهاز: Morpho md
حالة الجهاز في البداية: سليم
حالة الجهاز بعد الفحص: سليم
الحالة النهائية: good
Final Device Condition: OK"
"4684","51","""2026-07-27T15:10:01.586Z""","""2026-07-27T15:10:01.586Z""","1015","","","OK","886","Morpho md","2143SMP0000435","10.254.210.65","","","","","","نوع الجهاز: Morpho md
حالة الجهاز في البداية: سليم
حالة الجهاز بعد الفحص: سليم
الحالة النهائية: good
Final Device Condition: OK"
"4685","51","""2026-07-27T15:10:15.607Z""","""2026-07-27T15:10:15.607Z""","1014","","","OK","885","Morpho md","2125SMP0002266","10.254.210.63","","","","","","نوع الجهاز: Morpho md
حالة الجهاز في البداية: سليم
حالة الجهاز بعد الفحص: سليم
الحالة النهائية: good
Final Device Condition: OK"
"4686","51","""2026-07-27T15:10:30.663Z""","""2026-07-27T15:10:30.663Z""","1013","","","OK","884","Morpho md","2234SMP0001963","10.254.210.61","","","","","","نوع الجهاز: Morpho md
حالة الجهاز في البداية: سليم
حالة الجهاز بعد الفحص: سليم
الحالة النهائية: good
Final Device Condition: OK"
"4687","51","""2026-07-27T15:10:44.489Z""","""2026-07-27T15:10:44.489Z""","1012","","","OK","883","Morpho md","2111SMP0002487","10.254.210.59","","","","","","نوع الجهاز: Morpho md
حالة الجهاز في البداية: سليم
حالة الجهاز بعد الفحص: سليم
الحالة النهائية: good
Final Device Condition: OK"
"4688","51","""2026-07-27T15:10:59.138Z""","""2026-07-27T15:10:59.138Z""","1011","","","OK","882","Morpho md","2125SMP0000624","10.254.210.57","","","","","","نوع الجهاز: Morpho md
حالة الجهاز في البداية: سليم
حالة الجهاز بعد الفحص: سليم
الحالة النهائية: good
Final Device Condition: OK"
"4689","51","""2026-07-27T15:11:21.212Z""","""2026-07-27T15:11:21.212Z""","895","","","OK","757","Morpho md","21255MP0001438","10.254.210.56","","","","","","نوع الجهاز: Morpho md
حالة الجهاز في البداية: سليم
حالة الجهاز بعد الفحص: سليم
الحالة النهائية: good
Final Device Condition: OK"
"4690","51","""2026-07-27T15:11:37.264Z""","""2026-07-27T15:11:37.264Z""","896","","","OK","758","Morpho md","21255MP0000655","10.254.210.58","","","","","","نوع الجهاز: Morpho md
حالة الجهاز في البداية: سليم
حالة الجهاز بعد الفحص: سليم
الحالة النهائية: good
Final Device Condition: OK"
"4691","51","""2026-07-27T15:11:53.942Z""","""2026-07-27T15:11:53.942Z""","897","","","OK","759","Morpho md","2124SMP0000496","10.254.210.60","","","","","","نوع الجهاز: Morpho md
حالة الجهاز في البداية: سليم
حالة الجهاز بعد الفحص: سليم
الحالة النهائية: good
Final Device Condition: OK"
"4692","51","""2026-07-27T15:12:12.855Z""","""2026-07-27T15:12:12.855Z""","898","","","OK","760","Morpho md","2124SMP0000960","10.254.210.62","","","","","","نوع الجهاز: Morpho md
حالة الجهاز في البداية: سليم
حالة الجهاز بعد الفحص: سليم
الحالة النهائية: good
Final Device Condition: OK"
"4693","51","""2026-07-27T15:12:32.171Z""","""2026-07-27T15:12:32.171Z""","899","","","OK","761","Morpho md","2142SMP0001769","10.254.210.64","","","","","","نوع الجهاز: Morpho md
حالة الجهاز في البداية: سليم
حالة الجهاز بعد الفحص: سليم
الحالة النهائية: good
Final Device Condition: OK"
"4694","51","""2026-07-27T15:12:46.759Z""","""2026-07-27T15:12:46.759Z""","900","","","OK","762","Morpho md","2142SMP0001486","10.254.210.66","","","","","","نوع الجهاز: Morpho md
حالة الجهاز في البداية: سليم
حالة الجهاز بعد الفحص: سليم
الحالة النهائية: good
Final Device Condition: OK"
"4695","51","""2026-07-27T15:13:01.203Z""","""2026-07-27T15:13:01.203Z""","901","","","OK","763","Morpho md","2125SMP0001209","10.254.210.68","","","","","","نوع الجهاز: Morpho md
حالة الجهاز في البداية: سليم
حالة الجهاز بعد الفحص: سليم
الحالة النهائية: good
Final Device Condition: OK"
"4696","51","""2026-07-27T15:13:26.020Z""","""2026-07-27T15:13:26.020Z""","902","","","OK","764","Morpho md","2223SMP0000285","10.254.210.70","","","","","","نوع الجهاز: Morpho md
حالة الجهاز في البداية: سليم
حالة الجهاز بعد الفحص: سليم
الحالة النهائية: good
Final Device Condition: OK"
"4697","51","""2026-07-27T15:17:25.090Z""","""2026-07-27T15:17:25.090Z""","1562","","","OK","1438","Morpho md","2238smp0000667","10.254.210.14","","","","","","نوع الجهاز: Morpho md
حالة الجهاز في البداية: سليم
حالة الجهاز بعد الفحص: سليم
الحالة النهائية: good
Final Device Condition: OK"
"4698","51","""2026-07-27T15:17:45.926Z""","""2026-07-27T15:17:45.926Z""","1561","","","OK","1437","Morpho md","2142smp0001424","10.254.210.11","","","","","","نوع الجهاز: Morpho md
حالة الجهاز في البداية: سليم
حالة الجهاز بعد الفحص: سليم
الحالة النهائية: good
Final Device Condition: OK"
"4699","51","""2026-07-27T15:18:05.571Z""","""2026-07-27T15:18:05.571Z""","1560","","","OK","1436","Morpho md","2120smp0000438","10.254.210.15","","","","","","نوع الجهاز: Morpho md
حالة الجهاز في البداية: سليم
حالة الجهاز بعد الفحص: سليم
الحالة النهائية: good
Final Device Condition: OK"
"4700","51","""2026-07-27T15:18:22.801Z""","""2026-07-27T15:18:22.801Z""","1559","","","OK","1435","Morpho md","2143smp0000398","10.254.210.52","","","","","","نوع الجهاز: Morpho md
حالة الجهاز في البداية: سليم
حالة الجهاز بعد الفحص: سليم
الحالة النهائية: good
Final Device Condition: OK"
"4701","51","""2026-07-27T15:18:43.495Z""","""2026-07-27T15:18:43.495Z""","1558","","","OK","1434","Morpho md","2125smp0000679","10.254.210.46","","","","","","نوع الجهاز: Morpho md
حالة الجهاز في البداية: سليم
حالة الجهاز بعد الفحص: سليم
الحالة النهائية: good
Final Device Condition: OK"
"4702","51","""2026-07-27T15:19:11.139Z""","""2026-07-27T15:19:11.139Z""","1556","","","OK","1432","Morpho md","2124smp0000786","10.254.210.54","","","","","","نوع الجهاز: Morpho md
حالة الجهاز في البداية: سليم
حالة الجهاز بعد الفحص: سليم
الحالة النهائية: good
Final Device Condition: OK"
"4703","51","""2026-07-27T15:19:28.686Z""","""2026-07-27T15:19:28.686Z""","1555","","","OK","1431","Morpho md","2147smp0000080","10.254.210.18","","","","","","نوع الجهاز: Morpho md
حالة الجهاز في البداية: سليم
حالة الجهاز بعد الفحص: سليم
الحالة النهائية: good
Final Device Condition: OK"
"4704","51","""2026-07-27T15:21:19.847Z""","""2026-07-27T15:21:19.847Z""","1352","","","OK","1226","Morpho md","2125smp0001056","10.254.210.20","","","","","","نوع الجهاز: Morpho md
حالة الجهاز في البداية: سليم
حالة الجهاز بعد الفحص: سليم
الحالة النهائية: good
Final Device Condition: OK"
"4705","51","""2026-07-27T15:21:36.577Z""","""2026-07-27T15:21:36.577Z""","1352","","","OK","1226","Morpho md","2125smp0001056","10.254.210.20","","","","","","نوع الجهاز: Morpho md
حالة الجهاز في البداية: سليم
حالة الجهاز بعد الفحص: سليم
الحالة النهائية: good
Final Device Condition: OK"
"4706","51","""2026-07-27T15:22:57.308Z""","""2026-07-27T15:22:57.308Z""","1354","","","OK","1228","Morpho md","2120smp0000056","10.254.210.41","","","","","","نوع الجهاز: Morpho md
حالة الجهاز في البداية: سليم
حالة الجهاز بعد الفحص: سليم
الحالة النهائية: good
Final Device Condition: OK"
"4707","51","""2026-07-27T15:24:58.760Z""","""2026-07-27T15:24:58.760Z""","1356","","","OK","1230","Morpho md","2125smp0000747","10.254.210.22","","","","","","نوع الجهاز: Morpho md
حالة الجهاز في البداية: سليم
حالة الجهاز بعد الفحص: سليم
الحالة النهائية: good
Final Device Condition: OK"
"4708","51","""2026-07-27T15:30:19.077Z""","""2026-07-27T15:30:19.077Z""","1366","","","OK","1240","Morpho md","2147smp0000806","10.254.210.192","","","","","","نوع الجهاز: Morpho md
حالة الجهاز في البداية: سليم
حالة الجهاز بعد الفحص: سليم
الحالة النهائية: good
Final Device Condition: OK"
"4709","51","""2026-07-27T15:30:33.724Z""","""2026-07-27T15:30:33.724Z""","1365","","","OK","1239","Morpho md","2147smp0000813","10.254.210.191","","","","","","نوع الجهاز: Morpho md
حالة الجهاز في البداية: سليم
حالة الجهاز بعد الفحص: سليم
الحالة النهائية: good
Final Device Condition: OK"
"4710","51","""2026-07-27T15:30:48.446Z""","""2026-07-27T15:30:48.446Z""","1364","","","OK","1238","Morpho md","2143smp0000893","10.254.210.190","","","","","","نوع الجهاز: Morpho md
حالة الجهاز في البداية: سليم
حالة الجهاز بعد الفحص: سليم
الحالة النهائية: good
Final Device Condition: OK"
"4711","51","""2026-07-27T15:31:04.798Z""","""2026-07-27T15:31:04.798Z""","1363","","","OK","1237","Morpho md","2143smp0001447","10.254.210.189","","","","","","نوع الجهاز: Morpho md
حالة الجهاز في البداية: سليم
حالة الجهاز بعد الفحص: سليم
الحالة النهائية: good
Final Device Condition: OK"
"4712","51","""2026-07-27T15:31:18.852Z""","""2026-07-27T15:31:18.852Z""","1362","","","OK","1236","Morpho md","2136smp0001487","10.254.210.188","","","","","","نوع الجهاز: Morpho md
حالة الجهاز في البداية: سليم
حالة الجهاز بعد الفحص: سليم
الحالة النهائية: good
Final Device Condition: OK"
"4713","51","""2026-07-27T15:31:34.840Z""","""2026-07-27T15:31:34.840Z""","1361","","","OK","1235","Morpho md","2136smp0001646","10.254.210.187","","","","","","نوع الجهاز: Morpho md
حالة الجهاز في البداية: سليم
حالة الجهاز بعد الفحص: سليم
الحالة النهائية: good
Final Device Condition: OK"
"4714","51","""2026-07-27T15:31:49.662Z""","""2026-07-27T15:31:49.662Z""","1360","","","OK","1234","Morpho md","2136smp0001012","10.254.210.186","","","","","","نوع الجهاز: Morpho md
حالة الجهاز في البداية: سليم
حالة الجهاز بعد الفحص: سليم
الحالة النهائية: good
Final Device Condition: OK"
"4715","51","""2026-07-27T15:32:09.539Z""","""2026-07-27T15:32:09.539Z""","1359","","","OK","1233","Morpho md","2147smp0001122","10.254.210.185","","","","","","نوع الجهاز: Morpho md
حالة الجهاز في البداية: سليم
حالة الجهاز بعد الفحص: سليم
الحالة النهائية: good
Final Device Condition: OK"
"4716","51","""2026-07-27T15:32:33.923Z""","""2026-07-27T15:32:33.923Z""","1563","","","OK","1439","Morpho md","2238smp0000995","10.254.210.193","","","","","","نوع الجهاز: Morpho md
حالة الجهاز في البداية: سليم
حالة الجهاز بعد الفحص: سليم
الحالة النهائية: good
Final Device Condition: OK"
"4717","51","""2026-07-27T15:32:48.731Z""","""2026-07-27T15:32:48.731Z""","1564","","","OK","1440","Morpho md","2142smp0000696","10.254.210.194","","","","","","نوع الجهاز: Morpho md
حالة الجهاز في البداية: سليم
حالة الجهاز بعد الفحص: سليم
الحالة النهائية: good
Final Device Condition: OK"
"4718","51","""2026-07-27T15:33:04.732Z""","""2026-07-27T15:33:04.732Z""","1565","","","OK","1441","Morpho md","2136smp0001111","10.254.210.195","","","","","","نوع الجهاز: Morpho md
حالة الجهاز في البداية: سليم
حالة الجهاز بعد الفحص: سليم
الحالة النهائية: good
Final Device Condition: OK"
"4719","51","""2026-07-27T15:33:18.981Z""","""2026-07-27T15:33:18.981Z""","1566","","","OK","1442","Morpho md","2143smp0000787","10.254.210.196","","","","","","نوع الجهاز: Morpho md
حالة الجهاز في البداية: سليم
حالة الجهاز بعد الفحص: سليم
الحالة النهائية: good
Final Device Condition: OK"
"4720","51","""2026-07-27T15:34:24.221Z""","""2026-07-27T15:34:24.221Z""","1567","","","OK","1444","Morpho md","2125smp0001971","10.254.210.198","","","","","","نوع الجهاز: Morpho md
حالة الجهاز في البداية: سليم
حالة الجهاز بعد الفحص: سليم
الحالة النهائية: good
Final Device Condition: OK"
"4721","51","""2026-07-27T15:34:57.854Z""","""2026-07-27T15:34:57.854Z""","1568","","","OK","1446","Morpho md","2147smp0000479","10.254.210.200","","","","","","نوع الجهاز: Morpho md
حالة الجهاز في البداية: سليم
حالة الجهاز بعد الفحص: سليم
الحالة النهائية: good
Final Device Condition: OK"