"inspectionId","technicianId","deviceId","deviceCode","deviceName","serialNumber","barcode","gateId","gateNo","glassId","taskId","taskAssignedToId","taskItemId","taskItemAssignedToId","taskItemCompletedById","inspectionStatus","inspectedAt","createdAt","updatedAt","locationText","issueReason","notes"
"4392","46","295","154","Morpho md","2234SMP0002333","154","","","","","","","","","OK","""2026-07-26T08:06:52.639Z""","""2026-07-26T08:06:52.639Z""","""2026-07-26T08:06:52.639Z""","Device code: 154","","نوع الجهاز: Morpho md
حالة الجهاز في البداية: سليم
حالة الجهاز بعد الفحص: سليم
الحالة النهائية: good
Final Device Condition: OK"
"4393","46","294","153","Morpho md","2234SMP0002869","153","","","","","","","","","OK","""2026-07-26T08:07:21.312Z""","""2026-07-26T08:07:21.312Z""","""2026-07-26T08:07:21.312Z""","Device code: 153","","نوع الجهاز: Morpho md
حالة الجهاز في البداية: سليم
حالة الجهاز بعد الفحص: سليم
الحالة النهائية: good
Final Device Condition: OK"
"4394","46","295","154","Morpho md","2234SMP0002333","154","","","","","","","","","OK","""2026-07-26T08:08:01.054Z""","""2026-07-26T08:08:01.054Z""","""2026-07-26T08:08:01.054Z""","Device code: 154","","نوع الجهاز: Morpho md
حالة الجهاز في البداية: سليم
حالة الجهاز بعد الفحص: سليم
الحالة النهائية: good
Final Device Condition: OK"
"4395","46","475","337","Morpho md","2223SMP0000469","337","","","","","","","","","OK","""2026-07-26T08:08:30.467Z""","""2026-07-26T08:08:30.467Z""","""2026-07-26T08:08:30.467Z""","Device code: 337","","نوع الجهاز: Morpho md
حالة الجهاز في البداية: سليم
حالة الجهاز بعد الفحص: سليم
الحالة النهائية: good
Final Device Condition: OK"
"4396","46","476","338","Morpho md","2238SMP0000797","338","","","","","","","","","OK","""2026-07-26T08:09:01.603Z""","""2026-07-26T08:09:01.603Z""","""2026-07-26T08:09:01.603Z""","Device code: 338","","نوع الجهاز: Morpho md
حالة الجهاز في البداية: سليم
حالة الجهاز بعد الفحص: سليم
الحالة النهائية: good
Final Device Condition: OK"
"4397","46","477","339","Morpho md","2234SMP0002647","339","","","","","","","","","OK","""2026-07-26T08:09:18.597Z""","""2026-07-26T08:09:18.597Z""","""2026-07-26T08:09:18.597Z""","Device code: 339","","نوع الجهاز: Morpho md
حالة الجهاز في البداية: سليم
حالة الجهاز بعد الفحص: سليم
الحالة النهائية: good
Final Device Condition: OK"
"4398","46","293","152","Morpho md","2237SMP0001441","152","","","","","","","","","OK","""2026-07-26T08:11:55.889Z""","""2026-07-26T08:11:55.889Z""","""2026-07-26T08:11:55.889Z""","Device code: 152","","نوع الجهاز: Morpho md
حالة الجهاز في البداية: سليم
حالة الجهاز بعد الفحص: سليم
الحالة النهائية: good
Final Device Condition: OK"
"4405","46","775","637","Morpho md","2124SMP0000724","637","","","","","","","","","OK","""2026-07-26T09:45:43.567Z""","""2026-07-26T09:45:43.567Z""","""2026-07-26T09:45:43.567Z""","Device code: 637","","نوع الجهاز: Morpho md
حالة الجهاز في البداية: سليم
حالة الجهاز بعد الفحص: سليم
الحالة النهائية: good
Final Device Condition: OK"
"4418","46","1601","1480","Morpho md","2125smp0000488","1480","","","","","","","","","OK","""2026-07-26T10:22:19.109Z""","""2026-07-26T10:22:19.109Z""","""2026-07-26T10:22:19.109Z""","Device code: 1480","","نوع الجهاز: Morpho md
حالة الجهاز في البداية: سليم
حالة الجهاز بعد الفحص: سليم
الحالة النهائية: good
Final Device Condition: OK"
"4419","46","1600","1479","Morpho md","2147smp0000837","1479","","","","","","","","","OK","""2026-07-26T10:22:31.428Z""","""2026-07-26T10:22:31.428Z""","""2026-07-26T10:22:31.428Z""","Device code: 1479","","نوع الجهاز: Morpho md
حالة الجهاز في البداية: سليم
حالة الجهاز بعد الفحص: سليم
الحالة النهائية: good
Final Device Condition: OK"
"4420","46","1599","1478","Morpho md","2142smp0002726","1478","","","","","","","","","OK","""2026-07-26T10:23:01.314Z""","""2026-07-26T10:23:01.314Z""","""2026-07-26T10:23:01.314Z""","Device code: 1478","","نوع الجهاز: Morpho md
حالة الجهاز في البداية: سليم
حالة الجهاز بعد الفحص: سليم
الحالة النهائية: good
Final Device Condition: OK"
"4421","46","1602","1481","Morpho md","2111smp0002029","1481","","","","","","","","","OK","""2026-07-26T10:26:56.921Z""","""2026-07-26T10:26:56.921Z""","""2026-07-26T10:26:56.921Z""","Device code: 1481","","نوع الجهاز: Morpho md
حالة الجهاز في البداية: سليم
حالة الجهاز بعد الفحص: سليم
الحالة النهائية: good
Final Device Condition: OK"
"4432","46","783","645","Morpho md","2234SMP0001673","645","","","","","","","","","OK","""2026-07-26T12:29:12.124Z""","""2026-07-26T12:29:12.124Z""","""2026-07-26T12:29:12.124Z""","Device code: 645","","نوع الجهاز: Morpho md
حالة الجهاز في البداية: سليم
حالة الجهاز بعد الفحص: سليم
الحالة النهائية: good
Final Device Condition: OK"
"4433","46","784","646","Morpho md","2237SMP0001205","646","","","","","","","","","OK","""2026-07-26T12:29:32.546Z""","""2026-07-26T12:29:32.546Z""","""2026-07-26T12:29:32.546Z""","Device code: 646","","نوع الجهاز: Morpho md
حالة الجهاز في البداية: سليم
حالة الجهاز بعد الفحص: سليم
الحالة النهائية: good
Final Device Condition: OK"
"4434","46","785","647","Morpho md","2223SMP0000995","647","","","","","","","","","OK","""2026-07-26T12:29:53.197Z""","""2026-07-26T12:29:53.197Z""","""2026-07-26T12:29:53.197Z""","Device code: 647","","نوع الجهاز: Morpho md
حالة الجهاز في البداية: سليم
حالة الجهاز بعد الفحص: سليم
الحالة النهائية: good
Final Device Condition: OK"
"4435","46","786","648","Morpho md","2234SMP0002920","648","","","","","","","","","OK","""2026-07-26T12:30:11.351Z""","""2026-07-26T12:30:11.351Z""","""2026-07-26T12:30:11.351Z""","Device code: 648","","نوع الجهاز: Morpho md
حالة الجهاز في البداية: سليم
حالة الجهاز بعد الفحص: سليم
الحالة النهائية: good
Final Device Condition: OK"
"4436","46","787","649","Morpho md","2234SMP0002159","649","","","","","","","","","OK","""2026-07-26T12:30:25.388Z""","""2026-07-26T12:30:25.388Z""","""2026-07-26T12:30:25.388Z""","Device code: 649","","نوع الجهاز: Morpho md
حالة الجهاز في البداية: سليم
حالة الجهاز بعد الفحص: سليم
الحالة النهائية: good
Final Device Condition: OK"
"4437","46","788","650","Morpho md","2237SMP0001298","650","","","","","","","","","OK","""2026-07-26T12:30:43.046Z""","""2026-07-26T12:30:43.046Z""","""2026-07-26T12:30:43.046Z""","Device code: 650","","نوع الجهاز: Morpho md
حالة الجهاز في البداية: سليم
حالة الجهاز بعد الفحص: سليم
الحالة النهائية: good
Final Device Condition: OK"
"4438","46","789","651","Morpho md","2234SMP0001918","651","","","","","","","","","OK","""2026-07-26T12:30:54.282Z""","""2026-07-26T12:30:54.282Z""","""2026-07-26T12:30:54.282Z""","Device code: 651","","نوع الجهاز: Morpho md
حالة الجهاز في البداية: سليم
حالة الجهاز بعد الفحص: سليم
الحالة النهائية: good
Final Device Condition: OK"
"4439","46","790","652","Morpho md","2237SMP0000378","652","","","","","","","","","OK","""2026-07-26T12:31:20.352Z""","""2026-07-26T12:31:20.352Z""","""2026-07-26T12:31:20.352Z""","Device code: 652","","نوع الجهاز: Morpho md
حالة الجهاز في البداية: سليم
حالة الجهاز بعد الفحص: سليم
الحالة النهائية: good
Final Device Condition: OK"
"4440","46","1613","1492","Morpho md","2237smp0001496","1492","","","","","","","","","OK","""2026-07-26T12:32:18.642Z""","""2026-07-26T12:32:18.642Z""","""2026-07-26T12:32:18.642Z""","Device code: 1492","","نوع الجهاز: Morpho md
حالة الجهاز في البداية: سليم
حالة الجهاز بعد الفحص: سليم
الحالة النهائية: good
Final Device Condition: OK"
"4441","46","1612","1491","Morpho md","2234smp0002982","1491","","","","","","","","","OK","""2026-07-26T12:33:10.903Z""","""2026-07-26T12:33:10.903Z""","""2026-07-26T12:33:10.903Z""","Device code: 1491","","نوع الجهاز: Morpho md
حالة الجهاز في البداية: سليم
حالة الجهاز بعد الفحص: سليم
الحالة النهائية: good
Final Device Condition: OK"
"4442","46","1611","1490","Morpho md","2238smp0000360","1490","","","","","","","","","OK","""2026-07-26T12:34:14.928Z""","""2026-07-26T12:34:14.928Z""","""2026-07-26T12:34:14.928Z""","Device code: 1490","","نوع الجهاز: Morpho md
حالة الجهاز في البداية: سليم
حالة الجهاز بعد الفحص: سليم
الحالة النهائية: good
Final Device Condition: OK"
"4443","46","1610","1489","Morpho md","2223smp0000599","1489","","","","","","","","","OK","""2026-07-26T12:34:51.030Z""","""2026-07-26T12:34:51.030Z""","""2026-07-26T12:34:51.030Z""","Device code: 1489","","نوع الجهاز: Morpho md
حالة الجهاز في البداية: سليم
حالة الجهاز بعد الفحص: سليم
الحالة النهائية: good
Final Device Condition: OK"
"4444","46","1609","1488","Morpho md","2234smp0001529","1488","","","","","","","","","OK","""2026-07-26T12:35:16.995Z""","""2026-07-26T12:35:16.995Z""","""2026-07-26T12:35:16.995Z""","Device code: 1488","","نوع الجهاز: Morpho md
حالة الجهاز في البداية: سليم
حالة الجهاز بعد الفحص: سليم
الحالة النهائية: good
Final Device Condition: OK"
"4445","46","1608","1487","Morpho md","2234smp0001550","1487","","","","","","","","","OK","""2026-07-26T12:36:31.627Z""","""2026-07-26T12:36:31.627Z""","""2026-07-26T12:36:31.627Z""","Device code: 1487","","نوع الجهاز: Morpho md
حالة الجهاز في البداية: سليم
حالة الجهاز بعد الفحص: سليم
الحالة النهائية: good
Final Device Condition: OK"
"4446","46","1607","1486","Morpho md","2237smp0001250","1486","","","","","","","","","OK","""2026-07-26T12:38:08.178Z""","""2026-07-26T12:38:08.178Z""","""2026-07-26T12:38:08.178Z""","Device code: 1486","","نوع الجهاز: Morpho md
حالة الجهاز في البداية: سليم
حالة الجهاز بعد الفحص: سليم
الحالة النهائية: good
Final Device Condition: OK"
"4447","46","791","653","Morpho md","2234SMP0001833","653","","","","","","","","","OK","""2026-07-26T12:46:02.577Z""","""2026-07-26T12:46:02.577Z""","""2026-07-26T12:46:02.577Z""","Device code: 653","","نوع الجهاز: Morpho md
حالة الجهاز في البداية: سليم
حالة الجهاز بعد الفحص: سليم
الحالة النهائية: good
Final Device Condition: OK"
"4448","46","792","654","Morpho md","2142SMP0000627","654","","","","","","","","","OK","""2026-07-26T12:46:21.446Z""","""2026-07-26T12:46:21.446Z""","""2026-07-26T12:46:21.446Z""","Device code: 654","","نوع الجهاز: Morpho md
حالة الجهاز في البداية: سليم
حالة الجهاز بعد الفحص: سليم
الحالة النهائية: good
Final Device Condition: OK"
"4449","46","793","655","Morpho md","2142SMP0000283","655","","","","","","","","","OK","""2026-07-26T12:46:42.187Z""","""2026-07-26T12:46:42.187Z""","""2026-07-26T12:46:42.187Z""","Device code: 655","","نوع الجهاز: Morpho md
حالة الجهاز في البداية: سليم
حالة الجهاز بعد الفحص: سليم
الحالة النهائية: good
Final Device Condition: OK"
"4450","46","794","656","Morpho md","2147SMP0000851","656","","","","","","","","","OK","""2026-07-26T12:47:02.473Z""","""2026-07-26T12:47:02.473Z""","""2026-07-26T12:47:02.473Z""","Device code: 656","","نوع الجهاز: Morpho md
حالة الجهاز في البداية: سليم
حالة الجهاز بعد الفحص: سليم
الحالة النهائية: good
Final Device Condition: OK"
"4451","46","795","657","Morpho md","2143SMP0001225","657","","","","","","","","","OK","""2026-07-26T12:47:19.552Z""","""2026-07-26T12:47:19.552Z""","""2026-07-26T12:47:19.552Z""","Device code: 657","","نوع الجهاز: Morpho md
حالة الجهاز في البداية: سليم
حالة الجهاز بعد الفحص: سليم
الحالة النهائية: good
Final Device Condition: OK"
"4452","46","796","658","Morpho md","2143SMP0001324","658","","","","","","","","","OK","""2026-07-26T12:47:31.286Z""","""2026-07-26T12:47:31.286Z""","""2026-07-26T12:47:31.286Z""","Device code: 658","","نوع الجهاز: Morpho md
حالة الجهاز في البداية: سليم
حالة الجهاز بعد الفحص: سليم
الحالة النهائية: good
Final Device Condition: OK"
"4453","46","797","659","Morpho md","2142SMP0000719","659","","","","","","","","","OK","""2026-07-26T12:47:48.083Z""","""2026-07-26T12:47:48.083Z""","""2026-07-26T12:47:48.083Z""","Device code: 659","","نوع الجهاز: Morpho md
حالة الجهاز في البداية: سليم
حالة الجهاز بعد الفحص: سليم
الحالة النهائية: good
Final Device Condition: OK"
"4454","46","798","660","Morpho md","2237SMP0001519","660","","","","","","","","","OK","""2026-07-26T12:48:10.383Z""","""2026-07-26T12:48:10.383Z""","""2026-07-26T12:48:10.383Z""","Device code: 660","","نوع الجهاز: Morpho md
حالة الجهاز في البداية: سليم
حالة الجهاز بعد الفحص: سليم
الحالة النهائية: good
Final Device Condition: OK"
"4455","46","1615","1494","Morpho md","2141smp0001951","1494","","","","","","","","","OK","""2026-07-26T12:53:32.256Z""","""2026-07-26T12:53:32.256Z""","""2026-07-26T12:53:32.256Z""","Device code: 1494","","نوع الجهاز: Morpho md
حالة الجهاز في البداية: سليم
حالة الجهاز بعد الفحص: سليم
الحالة النهائية: good
Final Device Condition: OK"
"4456","46","1616","1495","Morpho md","2142smp0001851","1495","","","","","","","","","OK","""2026-07-26T12:54:16.911Z""","""2026-07-26T12:54:16.911Z""","""2026-07-26T12:54:16.911Z""","Device code: 1495","","نوع الجهاز: Morpho md
حالة الجهاز في البداية: سليم
حالة الجهاز بعد الفحص: سليم
الحالة النهائية: good
Final Device Condition: OK"
"4457","46","1617","1496","Morpho md","2130smp0001391","1496","","","","","","","","","OK","""2026-07-26T12:55:02.798Z""","""2026-07-26T12:55:02.798Z""","""2026-07-26T12:55:02.798Z""","Device code: 1496","","نوع الجهاز: Morpho md
حالة الجهاز في البداية: سليم
حالة الجهاز بعد الفحص: سليم
الحالة النهائية: good
Final Device Condition: OK"
"4458","46","1618","1497","Morpho md","2142smp0000665","1497","","","","","","","","","OK","""2026-07-26T12:55:36.386Z""","""2026-07-26T12:55:36.386Z""","""2026-07-26T12:55:36.386Z""","Device code: 1497","","نوع الجهاز: Morpho md
حالة الجهاز في البداية: سليم
حالة الجهاز بعد الفحص: سليم
الحالة النهائية: good
Final Device Condition: OK"
"4459","46","1619","1498","Morpho md","2142smp0000269","1498","","","","","","","","","OK","""2026-07-26T12:56:11.775Z""","""2026-07-26T12:56:11.775Z""","""2026-07-26T12:56:11.775Z""","Device code: 1498","","نوع الجهاز: Morpho md
حالة الجهاز في البداية: سليم
حالة الجهاز بعد الفحص: سليم
الحالة النهائية: good
Final Device Condition: OK"
"4460","46","1620","1499","Morpho md","2136smp0001654","1499","","","","","","","","","OK","""2026-07-26T12:56:52.073Z""","""2026-07-26T12:56:52.073Z""","""2026-07-26T12:56:52.073Z""","Device code: 1499","","نوع الجهاز: Morpho md
حالة الجهاز في البداية: سليم
حالة الجهاز بعد الفحص: سليم
الحالة النهائية: good
Final Device Condition: OK"
"4461","46","1621","1500","Morpho md","2136smp0000413","1500","","","","","","","","","OK","""2026-07-26T12:57:51.693Z""","""2026-07-26T12:57:51.693Z""","""2026-07-26T12:57:51.693Z""","Device code: 1500","","نوع الجهاز: Morpho md
حالة الجهاز في البداية: سليم
حالة الجهاز بعد الفحص: سليم
الحالة النهائية: good
Final Device Condition: OK"